physconstraints,nepgear_physconstraints
xmodel,c_54i_cqb_mpc_fb_fe
xmodel,c_hro_diaz_base_body
xmodel,c_hro_diaz_base_fb
xmodel,c_hro_diaz_base_head
xmodel,c_hro_hendricks_base_fb
xmodel,c_hro_hendricks_dronepack_fb
xmodel,c_hro_hendricks_egypt_body
xmodel,c_hro_hendricks_egypt_fb
xmodel,c_hro_hendricks_egypt_head
xmodel,c_hro_hendricks_prologue_body
xmodel,c_hro_hendricks_sing_body
xmodel,c_hro_hendricks_sing_cinematic_fb
xmodel,c_hro_hendricks_sing_fb
xmodel,c_hro_hendricks_sing_head
xmodel,c_hro_hendricks_undercover_body
xmodel,c_hro_khalil_base_body
xmodel,c_hro_khalil_base_fb
xmodel,c_hro_khalil_base_head
xmodel,c_hro_khalil_egypt_body
xmodel,c_hro_khalil_egypt_fb
xmodel,c_hro_khalil_egypt_head
xmodel,c_hro_khalil_prisoner_fb
xmodel,c_hro_krueger_base_fb
xmodel,c_hro_maretti_base_body
xmodel,c_hro_maretti_base_body_rev
xmodel,c_hro_maretti_base_fb
xmodel,c_hro_maretti_base_head
xmodel,c_hro_maretti_base_head_rev
xmodel,c_hro_minister_said_prisoner_fb
xmodel,c_hro_player_female_aquifer_viewbody
xmodel,c_hro_player_female_aquifer_viewhands
xmodel,c_hro_player_female_aquifer_viewlegs
xmodel,c_hro_player_female_armsdealer_viewbody
xmodel,c_hro_player_female_armsdealer_viewhands
xmodel,c_hro_player_female_armsdealer_viewlegs
xmodel,c_hro_player_female_blackstation_viewbody
xmodel,c_hro_player_female_blackstation_viewhands
xmodel,c_hro_player_female_blackstation_viewlegs
xmodel,c_hro_player_female_egypt_viewbody
xmodel,c_hro_player_female_egypt_viewhands
xmodel,c_hro_player_female_egypt_viewlegs
xmodel,c_hro_player_female_endgame_viewbody
xmodel,c_hro_player_female_endgame_viewhands
xmodel,c_hro_player_female_endgame_viewlegs
xmodel,c_hro_player_female_infection_viewbody
xmodel,c_hro_player_female_infection_viewhands
xmodel,c_hro_player_female_infection_viewlegs
xmodel,c_hro_player_female_lotustowers_viewbody
xmodel,c_hro_player_female_lotustowers_viewhands
xmodel,c_hro_player_female_lotustowers_viewlegs
xmodel,c_hro_player_female_newworld_viewbody
xmodel,c_hro_player_female_newworld_viewhands
xmodel,c_hro_player_female_newworld_viewlegs
xmodel,c_hro_player_female_prologue_viewbody
xmodel,c_hro_player_female_prologue_viewhands
xmodel,c_hro_player_female_prologue_viewlegs
xmodel,c_hro_player_female_ramses_viewbody
xmodel,c_hro_player_female_ramses_viewhands
xmodel,c_hro_player_female_ramses_viewlegs
xmodel,c_hro_player_female_sgen_viewbody
xmodel,c_hro_player_female_sgen_viewhands
xmodel,c_hro_player_female_sgen_viewlegs
xmodel,c_hro_player_female_undercover_viewbody
xmodel,c_hro_player_female_undercover_viewhands
xmodel,c_hro_player_female_undercover_viewlegs
xmodel,c_hro_player_female_vengance_viewbody
xmodel,c_hro_player_female_vengance_viewhands
xmodel,c_hro_player_female_vengance_viewlegs
xmodel,c_hro_player_female_zurich_viewbody
xmodel,c_hro_player_female_zurich_viewhands
xmodel,c_hro_player_female_zurich_viewlegs
xmodel,c_hro_player_male_aquifer_viewbody
xmodel,c_hro_player_male_aquifer_viewhands
xmodel,c_hro_player_male_aquifer_viewlegs
xmodel,c_hro_player_male_armsdealer_viewbody
xmodel,c_hro_player_male_armsdealer_viewhands
xmodel,c_hro_player_male_armsdealer_viewlegs
xmodel,c_hro_player_male_blackstation_viewbody
xmodel,c_hro_player_male_blackstation_viewhands
xmodel,c_hro_player_male_blackstation_viewlegs
xmodel,c_hro_player_male_egypt_viewbody
xmodel,c_hro_player_male_egypt_viewhands
xmodel,c_hro_player_male_egypt_viewlegs
xmodel,c_hro_player_male_endgame_viewbody
xmodel,c_hro_player_male_endgame_viewhands
xmodel,c_hro_player_male_endgame_viewlegs
xmodel,c_hro_player_male_infection_viewbody
xmodel,c_hro_player_male_infection_viewhands
xmodel,c_hro_player_male_infection_viewlegs
xmodel,c_hro_player_male_lotustowers_viewbody
xmodel,c_hro_player_male_lotustowers_viewhands
xmodel,c_hro_player_male_lotustowers_viewlegs
xmodel,c_hro_player_male_newworld_viewbody
xmodel,c_hro_player_male_newworld_viewhands
xmodel,c_hro_player_male_newworld_viewlegs
xmodel,c_hro_player_male_prologue_viewbody
xmodel,c_hro_player_male_prologue_viewhands
xmodel,c_hro_player_male_prologue_viewlegs
xmodel,c_hro_player_male_ramses_viewbody
xmodel,c_hro_player_male_ramses_viewhands
xmodel,c_hro_player_male_ramses_viewlegs
xmodel,c_hro_player_male_sgen_viewbody
xmodel,c_hro_player_male_sgen_viewhands
xmodel,c_hro_player_male_sgen_viewlegs
xmodel,c_hro_player_male_undercover_viewbody
xmodel,c_hro_player_male_undercover_viewhands
xmodel,c_hro_player_male_undercover_viewlegs
xmodel,c_hro_player_male_vengance_viewbody
xmodel,c_hro_player_male_vengance_viewhands
xmodel,c_hro_player_male_vengance_viewlegs
xmodel,c_hro_player_male_zurich_viewbody
xmodel,c_hro_player_male_zurich_viewhands
xmodel,c_hro_player_male_zurich_viewlegs
xmodel,c_hro_playerfemale_aquifer_mpc_body
xmodel,c_hro_playerfemale_armsdealer_mpc_body
xmodel,c_hro_playerfemale_blackstation_mpc_body
xmodel,c_hro_playerfemale_egypt_fb
xmodel,c_hro_playerfemale_egypt_mpc_body
xmodel,c_hro_playerfemale_endgame_mpc_body
xmodel,c_hro_playerfemale_head10
xmodel,c_hro_playerfemale_head11
xmodel,c_hro_playerfemale_head3
xmodel,c_hro_playerfemale_head4
xmodel,c_hro_playerfemale_head5
xmodel,c_hro_playerfemale_head6
xmodel,c_hro_playerfemale_head7
xmodel,c_hro_playerfemale_head8
xmodel,c_hro_playerfemale_head9
xmodel,c_hro_playerfemale_hospital_fb
xmodel,c_hro_playerfemale_infection_mpc_body
xmodel,c_hro_playerfemale_lotus_tower_mpc_body
xmodel,c_hro_playerfemale_new_world_mpc_body
xmodel,c_hro_playerfemale_prologue_fb
xmodel,c_hro_playerfemale_prologue_mpc_body
xmodel,c_hro_playerfemale_ramses_mpc_body
xmodel,c_hro_playerfemale_sgen_mpc_body
xmodel,c_hro_playerfemale_undercover_mpc_body
xmodel,c_hro_playerfemale_vengeance_mpc_body
xmodel,c_hro_playerfemale_zurich_mpc_body
xmodel,c_hro_playermale_aquifer_mpc_body
xmodel,c_hro_playermale_armsdealer_mpc_body
xmodel,c_hro_playermale_blackstation_mpc_body
xmodel,c_hro_playermale_egypt_fb
xmodel,c_hro_playermale_egypt_mpc_body
xmodel,c_hro_playermale_endgame_mpc_body
xmodel,c_hro_playermale_head10
xmodel,c_hro_playermale_head11
xmodel,c_hro_playermale_head3
xmodel,c_hro_playermale_head4
xmodel,c_hro_playermale_head5
xmodel,c_hro_playermale_head6
xmodel,c_hro_playermale_head7
xmodel,c_hro_playermale_head8
xmodel,c_hro_playermale_head9
xmodel,c_hro_playermale_hospital_body
xmodel,c_hro_playermale_hospital_fb
xmodel,c_hro_playermale_infection_mpc_body
xmodel,c_hro_playermale_lotus_tower_mpc_body
xmodel,c_hro_playermale_new_world_mpc_body
xmodel,c_hro_playermale_prologue_body_cin_botharmsoff
xmodel,c_hro_playermale_prologue_fb
xmodel,c_hro_playermale_prologue_mpc_body
xmodel,c_hro_playermale_ramses_mpc_body
xmodel,c_hro_playermale_sgen_mpc_body
xmodel,c_hro_playermale_undercover_mpc_body
xmodel,c_hro_playermale_vengeance_mpc_body
xmodel,c_hro_playermale_zurich_mpc_body
xmodel,c_hro_rachel_egypt_body
xmodel,c_hro_rachel_egypt_fb
xmodel,c_hro_rachel_egypt_head
xmodel,c_hro_rachel_egypt_nosweat_body
xmodel,c_hro_rachel_egypt_nosweat_head
xmodel,c_hro_rachel_egypt_scarf
xmodel,c_hro_rachel_sing_body
xmodel,c_hro_rachel_sing_facemelt_fb
xmodel,c_hro_rachel_sing_head
xmodel,c_hro_sarah_base_body
xmodel,c_hro_sarah_base_fb
xmodel,c_hro_sarah_base_head
xmodel,c_hro_sarah_salvation_fb
xmodel,c_hro_sarah_salvation_fb_reveal
xmodel,c_hro_taylor_base_body
xmodel,c_hro_taylor_base_body_rev
xmodel,c_hro_taylor_base_fb
xmodel,c_hro_taylor_base_head
xmodel,c_hro_taylor_base_head_bullet_wound
xmodel,c_hro_taylor_base_head_rev
xmodel,c_nrc_assault_female_prologue_viewarms
xmodel,c_nrc_assault_female_prologue_viewbody
xmodel,c_nrc_assault_prologue_viewarms
xmodel,c_nrc_assault_prologue_viewbody
xmodel,c_nrc_assault_prologue_viewbody_g_barmsoff
xmodel,c_nrc_assault_prologue_viewbody_g_larmoff
xmodel,c_nrc_assault_prologue_viewbody_g_larmspawn
xmodel,c_nrc_assault_prologue_viewbody_g_rarmspawn
xmodel,c_t7_dlchd_dempsey_waw_viewhands
xmodel,c_t7_dlchd_dempsey_waw_viewlegs
xmodel,c_t7_mp_assassin_mpc_body1_skin1
xmodel,c_t7_mp_assassin_mpc_body1_skin10
xmodel,c_t7_mp_assassin_mpc_body1_skin11
xmodel,c_t7_mp_assassin_mpc_body1_skin12
xmodel,c_t7_mp_assassin_mpc_body1_skin13
xmodel,c_t7_mp_assassin_mpc_body1_skin14
xmodel,c_t7_mp_assassin_mpc_body1_skin15
xmodel,c_t7_mp_assassin_mpc_body1_skin2
xmodel,c_t7_mp_assassin_mpc_body1_skin3
xmodel,c_t7_mp_assassin_mpc_body1_skin4
xmodel,c_t7_mp_assassin_mpc_body1_skin5
xmodel,c_t7_mp_assassin_mpc_body1_skin6
xmodel,c_t7_mp_assassin_mpc_body1_skin7
xmodel,c_t7_mp_assassin_mpc_body1_skin8
xmodel,c_t7_mp_assassin_mpc_body1_skin9
xmodel,c_t7_mp_assassin_mpc_body2_skin1
xmodel,c_t7_mp_assassin_mpc_body2_skin10
xmodel,c_t7_mp_assassin_mpc_body2_skin11
xmodel,c_t7_mp_assassin_mpc_body2_skin12
xmodel,c_t7_mp_assassin_mpc_body2_skin13
xmodel,c_t7_mp_assassin_mpc_body2_skin2
xmodel,c_t7_mp_assassin_mpc_body2_skin3
xmodel,c_t7_mp_assassin_mpc_body2_skin4
xmodel,c_t7_mp_assassin_mpc_body2_skin5
xmodel,c_t7_mp_assassin_mpc_body2_skin6
xmodel,c_t7_mp_assassin_mpc_body2_skin7
xmodel,c_t7_mp_assassin_mpc_body2_skin8
xmodel,c_t7_mp_assassin_mpc_body2_skin9
xmodel,c_t7_mp_assassin_mpc_body3_skin1
xmodel,c_t7_mp_assassin_mpc_body3_skin2
xmodel,c_t7_mp_assassin_mpc_body3_skin3
xmodel,c_t7_mp_assassin_mpc_body3_skin4
xmodel,c_t7_mp_assassin_mpc_body3_skin5
xmodel,c_t7_mp_assassin_mpc_body3_skin6
xmodel,c_t7_mp_assassin_mpc_body3_skin7
xmodel,c_t7_mp_assassin_mpc_body3_skin8
xmodel,c_t7_mp_assassin_mpc_fb1_skin1
xmodel,c_t7_mp_assassin_mpc_head1_skin1
xmodel,c_t7_mp_assassin_mpc_head1_skin2
xmodel,c_t7_mp_assassin_mpc_head1_skin3
xmodel,c_t7_mp_assassin_mpc_head1_skin4
xmodel,c_t7_mp_assassin_mpc_head1_skin5
xmodel,c_t7_mp_assassin_mpc_head1_skin6
xmodel,c_t7_mp_assassin_mpc_head1_skin7
xmodel,c_t7_mp_assassin_mpc_head2_skin1
xmodel,c_t7_mp_assassin_mpc_head2_skin10
xmodel,c_t7_mp_assassin_mpc_head2_skin11
xmodel,c_t7_mp_assassin_mpc_head2_skin12
xmodel,c_t7_mp_assassin_mpc_head2_skin13
xmodel,c_t7_mp_assassin_mpc_head2_skin2
xmodel,c_t7_mp_assassin_mpc_head2_skin3
xmodel,c_t7_mp_assassin_mpc_head2_skin4
xmodel,c_t7_mp_assassin_mpc_head2_skin5
xmodel,c_t7_mp_assassin_mpc_head2_skin6
xmodel,c_t7_mp_assassin_mpc_head2_skin7
xmodel,c_t7_mp_assassin_mpc_head2_skin8
xmodel,c_t7_mp_assassin_mpc_head2_skin9
xmodel,c_t7_mp_assassin_mpc_head3_skin1
xmodel,c_t7_mp_assassin_mpc_head3_skin2
xmodel,c_t7_mp_assassin_mpc_head3_skin3
xmodel,c_t7_mp_assassin_mpc_head3_skin4
xmodel,c_t7_mp_assassin_mpc_head3_skin5
xmodel,c_t7_mp_assassin_mpc_head3_skin6
xmodel,c_t7_mp_assassin_mpc_head4_skin1
xmodel,c_t7_mp_assassin_mpc_head4_skin2
xmodel,c_t7_mp_assassin_mpc_head4_skin3
xmodel,c_t7_mp_assassin_mpc_head4_skin4
xmodel,c_t7_mp_assassin_mpc_head4_skin5
xmodel,c_t7_mp_assassin_mpc_head4_skin6
xmodel,c_t7_mp_assassin_mpc_head4_skin7
xmodel,c_t7_mp_assassin_mpc_head4_skin8
xmodel,c_t7_mp_assassin_mpc_head5_skin1
xmodel,c_t7_mp_assassin_mpc_head5_skin2
xmodel,c_t7_mp_assassin_mpc_head5_skin3
xmodel,c_t7_mp_assassin_mpc_head5_skin4
xmodel,c_t7_mp_assassin_mpc_head5_skin5
xmodel,c_t7_mp_assassin_mpc_head6_skin1
xmodel,c_t7_mp_assassin_mpc_head6_skin2
xmodel,c_t7_mp_assassin_mpc_head6_skin3
xmodel,c_t7_mp_assassin_mpc_head6_skin4
xmodel,c_t7_mp_assassin_viewarms1_skin1
xmodel,c_t7_mp_assassin_viewarms1_skin10
xmodel,c_t7_mp_assassin_viewarms1_skin11
xmodel,c_t7_mp_assassin_viewarms1_skin12
xmodel,c_t7_mp_assassin_viewarms1_skin13
xmodel,c_t7_mp_assassin_viewarms1_skin14
xmodel,c_t7_mp_assassin_viewarms1_skin15
xmodel,c_t7_mp_assassin_viewarms1_skin2
xmodel,c_t7_mp_assassin_viewarms1_skin3
xmodel,c_t7_mp_assassin_viewarms1_skin4
xmodel,c_t7_mp_assassin_viewarms1_skin5
xmodel,c_t7_mp_assassin_viewarms1_skin6
xmodel,c_t7_mp_assassin_viewarms1_skin7
xmodel,c_t7_mp_assassin_viewarms1_skin8
xmodel,c_t7_mp_assassin_viewarms1_skin9
xmodel,c_t7_mp_assassin_viewarms2_skin1
xmodel,c_t7_mp_assassin_viewarms2_skin10
xmodel,c_t7_mp_assassin_viewarms2_skin11
xmodel,c_t7_mp_assassin_viewarms2_skin12
xmodel,c_t7_mp_assassin_viewarms2_skin13
xmodel,c_t7_mp_assassin_viewarms2_skin14
xmodel,c_t7_mp_assassin_viewarms2_skin15
xmodel,c_t7_mp_assassin_viewarms2_skin2
xmodel,c_t7_mp_assassin_viewarms2_skin3
xmodel,c_t7_mp_assassin_viewarms2_skin4
xmodel,c_t7_mp_assassin_viewarms2_skin5
xmodel,c_t7_mp_assassin_viewarms2_skin6
xmodel,c_t7_mp_assassin_viewarms2_skin7
xmodel,c_t7_mp_assassin_viewarms2_skin8
xmodel,c_t7_mp_assassin_viewarms2_skin9
xmodel,c_t7_mp_assassin_viewarms3_skin1
xmodel,c_t7_mp_assassin_viewarms3_skin10
xmodel,c_t7_mp_assassin_viewarms3_skin11
xmodel,c_t7_mp_assassin_viewarms3_skin12
xmodel,c_t7_mp_assassin_viewarms3_skin13
xmodel,c_t7_mp_assassin_viewarms3_skin14
xmodel,c_t7_mp_assassin_viewarms3_skin15
xmodel,c_t7_mp_assassin_viewarms3_skin2
xmodel,c_t7_mp_assassin_viewarms3_skin3
xmodel,c_t7_mp_assassin_viewarms3_skin4
xmodel,c_t7_mp_assassin_viewarms3_skin5
xmodel,c_t7_mp_assassin_viewarms3_skin6
xmodel,c_t7_mp_assassin_viewarms3_skin7
xmodel,c_t7_mp_assassin_viewarms3_skin8
xmodel,c_t7_mp_assassin_viewarms3_skin9
xmodel,c_t7_mp_assassin_viewlegs1_skin1
xmodel,c_t7_mp_assassin_viewlegs1_skin10
xmodel,c_t7_mp_assassin_viewlegs1_skin11
xmodel,c_t7_mp_assassin_viewlegs1_skin12
xmodel,c_t7_mp_assassin_viewlegs1_skin13
xmodel,c_t7_mp_assassin_viewlegs1_skin14
xmodel,c_t7_mp_assassin_viewlegs1_skin15
xmodel,c_t7_mp_assassin_viewlegs1_skin2
xmodel,c_t7_mp_assassin_viewlegs1_skin3
xmodel,c_t7_mp_assassin_viewlegs1_skin4
xmodel,c_t7_mp_assassin_viewlegs1_skin5
xmodel,c_t7_mp_assassin_viewlegs1_skin6
xmodel,c_t7_mp_assassin_viewlegs1_skin7
xmodel,c_t7_mp_assassin_viewlegs1_skin8
xmodel,c_t7_mp_assassin_viewlegs1_skin9
xmodel,c_t7_mp_assassin_viewlegs2_skin1
xmodel,c_t7_mp_assassin_viewlegs2_skin10
xmodel,c_t7_mp_assassin_viewlegs2_skin11
xmodel,c_t7_mp_assassin_viewlegs2_skin12
xmodel,c_t7_mp_assassin_viewlegs2_skin13
xmodel,c_t7_mp_assassin_viewlegs2_skin2
xmodel,c_t7_mp_assassin_viewlegs2_skin3
xmodel,c_t7_mp_assassin_viewlegs2_skin4
xmodel,c_t7_mp_assassin_viewlegs2_skin5
xmodel,c_t7_mp_assassin_viewlegs2_skin6
xmodel,c_t7_mp_assassin_viewlegs2_skin7
xmodel,c_t7_mp_assassin_viewlegs2_skin8
xmodel,c_t7_mp_assassin_viewlegs2_skin9
xmodel,c_t7_mp_assassin_viewlegs3_skin1
xmodel,c_t7_mp_assassin_viewlegs3_skin2
xmodel,c_t7_mp_assassin_viewlegs3_skin3
xmodel,c_t7_mp_assassin_viewlegs3_skin4
xmodel,c_t7_mp_assassin_viewlegs3_skin5
xmodel,c_t7_mp_assassin_viewlegs3_skin6
xmodel,c_t7_mp_assassin_viewlegs3_skin7
xmodel,c_t7_mp_assassin_viewlegs3_skin8
xmodel,c_t7_mp_battery_mpc_body1_skin1
xmodel,c_t7_mp_battery_mpc_body1_skin10
xmodel,c_t7_mp_battery_mpc_body1_skin11
xmodel,c_t7_mp_battery_mpc_body1_skin12
xmodel,c_t7_mp_battery_mpc_body1_skin13
xmodel,c_t7_mp_battery_mpc_body1_skin14
xmodel,c_t7_mp_battery_mpc_body1_skin15
xmodel,c_t7_mp_battery_mpc_body1_skin2
xmodel,c_t7_mp_battery_mpc_body1_skin3
xmodel,c_t7_mp_battery_mpc_body1_skin4
xmodel,c_t7_mp_battery_mpc_body1_skin5
xmodel,c_t7_mp_battery_mpc_body1_skin6
xmodel,c_t7_mp_battery_mpc_body1_skin7
xmodel,c_t7_mp_battery_mpc_body1_skin8
xmodel,c_t7_mp_battery_mpc_body1_skin9
xmodel,c_t7_mp_battery_mpc_body2_skin1
xmodel,c_t7_mp_battery_mpc_body2_skin10
xmodel,c_t7_mp_battery_mpc_body2_skin11
xmodel,c_t7_mp_battery_mpc_body2_skin12
xmodel,c_t7_mp_battery_mpc_body2_skin13
xmodel,c_t7_mp_battery_mpc_body2_skin14
xmodel,c_t7_mp_battery_mpc_body2_skin15
xmodel,c_t7_mp_battery_mpc_body2_skin2
xmodel,c_t7_mp_battery_mpc_body2_skin3
xmodel,c_t7_mp_battery_mpc_body2_skin4
xmodel,c_t7_mp_battery_mpc_body2_skin5
xmodel,c_t7_mp_battery_mpc_body2_skin6
xmodel,c_t7_mp_battery_mpc_body2_skin7
xmodel,c_t7_mp_battery_mpc_body2_skin8
xmodel,c_t7_mp_battery_mpc_body2_skin9
xmodel,c_t7_mp_battery_mpc_body3_skin1
xmodel,c_t7_mp_battery_mpc_body3_skin10
xmodel,c_t7_mp_battery_mpc_body3_skin11
xmodel,c_t7_mp_battery_mpc_body3_skin12
xmodel,c_t7_mp_battery_mpc_body3_skin13
xmodel,c_t7_mp_battery_mpc_body3_skin14
xmodel,c_t7_mp_battery_mpc_body3_skin15
xmodel,c_t7_mp_battery_mpc_body3_skin2
xmodel,c_t7_mp_battery_mpc_body3_skin3
xmodel,c_t7_mp_battery_mpc_body3_skin4
xmodel,c_t7_mp_battery_mpc_body3_skin5
xmodel,c_t7_mp_battery_mpc_body3_skin6
xmodel,c_t7_mp_battery_mpc_body3_skin7
xmodel,c_t7_mp_battery_mpc_body3_skin8
xmodel,c_t7_mp_battery_mpc_body3_skin9
xmodel,c_t7_mp_battery_mpc_fb1_skin1
xmodel,c_t7_mp_battery_mpc_head1_skin1
xmodel,c_t7_mp_battery_mpc_head1_skin2
xmodel,c_t7_mp_battery_mpc_head1_skin3
xmodel,c_t7_mp_battery_mpc_head1_skin4
xmodel,c_t7_mp_battery_mpc_head1_skin5
xmodel,c_t7_mp_battery_mpc_head1_skin6
xmodel,c_t7_mp_battery_mpc_head1_skin7
xmodel,c_t7_mp_battery_mpc_head1_skin8
xmodel,c_t7_mp_battery_mpc_head1_skin9
xmodel,c_t7_mp_battery_mpc_head2_skin1
xmodel,c_t7_mp_battery_mpc_head2_skin2
xmodel,c_t7_mp_battery_mpc_head2_skin3
xmodel,c_t7_mp_battery_mpc_head2_skin4
xmodel,c_t7_mp_battery_mpc_head2_skin5
xmodel,c_t7_mp_battery_mpc_head2_skin6
xmodel,c_t7_mp_battery_mpc_head2_skin7
xmodel,c_t7_mp_battery_mpc_head2_skin8
xmodel,c_t7_mp_battery_mpc_head2_skin9
xmodel,c_t7_mp_battery_mpc_head3_skin1
xmodel,c_t7_mp_battery_mpc_head3_skin2
xmodel,c_t7_mp_battery_mpc_head3_skin3
xmodel,c_t7_mp_battery_mpc_head3_skin4
xmodel,c_t7_mp_battery_mpc_head3_skin5
xmodel,c_t7_mp_battery_mpc_head3_skin6
xmodel,c_t7_mp_battery_mpc_head3_skin7
xmodel,c_t7_mp_battery_mpc_head3_skin8
xmodel,c_t7_mp_battery_mpc_head3_skin9
xmodel,c_t7_mp_battery_viewarms1_skin1
xmodel,c_t7_mp_battery_viewarms1_skin10
xmodel,c_t7_mp_battery_viewarms1_skin11
xmodel,c_t7_mp_battery_viewarms1_skin12
xmodel,c_t7_mp_battery_viewarms1_skin13
xmodel,c_t7_mp_battery_viewarms1_skin14
xmodel,c_t7_mp_battery_viewarms1_skin15
xmodel,c_t7_mp_battery_viewarms1_skin2
xmodel,c_t7_mp_battery_viewarms1_skin3
xmodel,c_t7_mp_battery_viewarms1_skin4
xmodel,c_t7_mp_battery_viewarms1_skin5
xmodel,c_t7_mp_battery_viewarms1_skin6
xmodel,c_t7_mp_battery_viewarms1_skin7
xmodel,c_t7_mp_battery_viewarms1_skin8
xmodel,c_t7_mp_battery_viewarms1_skin9
xmodel,c_t7_mp_battery_viewarms2_skin1
xmodel,c_t7_mp_battery_viewarms2_skin10
xmodel,c_t7_mp_battery_viewarms2_skin11
xmodel,c_t7_mp_battery_viewarms2_skin12
xmodel,c_t7_mp_battery_viewarms2_skin13
xmodel,c_t7_mp_battery_viewarms2_skin14
xmodel,c_t7_mp_battery_viewarms2_skin15
xmodel,c_t7_mp_battery_viewarms2_skin2
xmodel,c_t7_mp_battery_viewarms2_skin3
xmodel,c_t7_mp_battery_viewarms2_skin4
xmodel,c_t7_mp_battery_viewarms2_skin5
xmodel,c_t7_mp_battery_viewarms2_skin6
xmodel,c_t7_mp_battery_viewarms2_skin7
xmodel,c_t7_mp_battery_viewarms2_skin8
xmodel,c_t7_mp_battery_viewarms2_skin9
xmodel,c_t7_mp_battery_viewarms3_skin1
xmodel,c_t7_mp_battery_viewarms3_skin10
xmodel,c_t7_mp_battery_viewarms3_skin11
xmodel,c_t7_mp_battery_viewarms3_skin12
xmodel,c_t7_mp_battery_viewarms3_skin13
xmodel,c_t7_mp_battery_viewarms3_skin14
xmodel,c_t7_mp_battery_viewarms3_skin15
xmodel,c_t7_mp_battery_viewarms3_skin2
xmodel,c_t7_mp_battery_viewarms3_skin3
xmodel,c_t7_mp_battery_viewarms3_skin4
xmodel,c_t7_mp_battery_viewarms3_skin5
xmodel,c_t7_mp_battery_viewarms3_skin6
xmodel,c_t7_mp_battery_viewarms3_skin7
xmodel,c_t7_mp_battery_viewarms3_skin8
xmodel,c_t7_mp_battery_viewarms3_skin9
xmodel,c_t7_mp_battery_viewlegs1_skin1
xmodel,c_t7_mp_battery_viewlegs1_skin10
xmodel,c_t7_mp_battery_viewlegs1_skin11
xmodel,c_t7_mp_battery_viewlegs1_skin12
xmodel,c_t7_mp_battery_viewlegs1_skin13
xmodel,c_t7_mp_battery_viewlegs1_skin14
xmodel,c_t7_mp_battery_viewlegs1_skin15
xmodel,c_t7_mp_battery_viewlegs1_skin2
xmodel,c_t7_mp_battery_viewlegs1_skin3
xmodel,c_t7_mp_battery_viewlegs1_skin4
xmodel,c_t7_mp_battery_viewlegs1_skin5
xmodel,c_t7_mp_battery_viewlegs1_skin6
xmodel,c_t7_mp_battery_viewlegs1_skin7
xmodel,c_t7_mp_battery_viewlegs1_skin8
xmodel,c_t7_mp_battery_viewlegs1_skin9
xmodel,c_t7_mp_battery_viewlegs2_skin1
xmodel,c_t7_mp_battery_viewlegs2_skin10
xmodel,c_t7_mp_battery_viewlegs2_skin11
xmodel,c_t7_mp_battery_viewlegs2_skin12
xmodel,c_t7_mp_battery_viewlegs2_skin13
xmodel,c_t7_mp_battery_viewlegs2_skin14
xmodel,c_t7_mp_battery_viewlegs2_skin15
xmodel,c_t7_mp_battery_viewlegs2_skin2
xmodel,c_t7_mp_battery_viewlegs2_skin3
xmodel,c_t7_mp_battery_viewlegs2_skin4
xmodel,c_t7_mp_battery_viewlegs2_skin5
xmodel,c_t7_mp_battery_viewlegs2_skin6
xmodel,c_t7_mp_battery_viewlegs2_skin7
xmodel,c_t7_mp_battery_viewlegs2_skin8
xmodel,c_t7_mp_battery_viewlegs2_skin9
xmodel,c_t7_mp_battery_viewlegs3_skin1
xmodel,c_t7_mp_battery_viewlegs3_skin10
xmodel,c_t7_mp_battery_viewlegs3_skin11
xmodel,c_t7_mp_battery_viewlegs3_skin12
xmodel,c_t7_mp_battery_viewlegs3_skin13
xmodel,c_t7_mp_battery_viewlegs3_skin14
xmodel,c_t7_mp_battery_viewlegs3_skin15
xmodel,c_t7_mp_battery_viewlegs3_skin2
xmodel,c_t7_mp_battery_viewlegs3_skin3
xmodel,c_t7_mp_battery_viewlegs3_skin4
xmodel,c_t7_mp_battery_viewlegs3_skin5
xmodel,c_t7_mp_battery_viewlegs3_skin6
xmodel,c_t7_mp_battery_viewlegs3_skin7
xmodel,c_t7_mp_battery_viewlegs3_skin8
xmodel,c_t7_mp_battery_viewlegs3_skin9
xmodel,c_t7_mp_firebreak_mpc_body1_skin1
xmodel,c_t7_mp_firebreak_mpc_body1_skin10
xmodel,c_t7_mp_firebreak_mpc_body1_skin11
xmodel,c_t7_mp_firebreak_mpc_body1_skin12
xmodel,c_t7_mp_firebreak_mpc_body1_skin13
xmodel,c_t7_mp_firebreak_mpc_body1_skin14
xmodel,c_t7_mp_firebreak_mpc_body1_skin15
xmodel,c_t7_mp_firebreak_mpc_body1_skin2
xmodel,c_t7_mp_firebreak_mpc_body1_skin3
xmodel,c_t7_mp_firebreak_mpc_body1_skin4
xmodel,c_t7_mp_firebreak_mpc_body1_skin5
xmodel,c_t7_mp_firebreak_mpc_body1_skin6
xmodel,c_t7_mp_firebreak_mpc_body1_skin7
xmodel,c_t7_mp_firebreak_mpc_body1_skin8
xmodel,c_t7_mp_firebreak_mpc_body1_skin9
xmodel,c_t7_mp_firebreak_mpc_body2_skin1
xmodel,c_t7_mp_firebreak_mpc_body2_skin10
xmodel,c_t7_mp_firebreak_mpc_body2_skin11
xmodel,c_t7_mp_firebreak_mpc_body2_skin12
xmodel,c_t7_mp_firebreak_mpc_body2_skin13
xmodel,c_t7_mp_firebreak_mpc_body2_skin14
xmodel,c_t7_mp_firebreak_mpc_body2_skin15
xmodel,c_t7_mp_firebreak_mpc_body2_skin2
xmodel,c_t7_mp_firebreak_mpc_body2_skin3
xmodel,c_t7_mp_firebreak_mpc_body2_skin4
xmodel,c_t7_mp_firebreak_mpc_body2_skin5
xmodel,c_t7_mp_firebreak_mpc_body2_skin6
xmodel,c_t7_mp_firebreak_mpc_body2_skin7
xmodel,c_t7_mp_firebreak_mpc_body2_skin8
xmodel,c_t7_mp_firebreak_mpc_body2_skin9
xmodel,c_t7_mp_firebreak_mpc_body3_skin1
xmodel,c_t7_mp_firebreak_mpc_body3_skin10
xmodel,c_t7_mp_firebreak_mpc_body3_skin11
xmodel,c_t7_mp_firebreak_mpc_body3_skin12
xmodel,c_t7_mp_firebreak_mpc_body3_skin13
xmodel,c_t7_mp_firebreak_mpc_body3_skin14
xmodel,c_t7_mp_firebreak_mpc_body3_skin15
xmodel,c_t7_mp_firebreak_mpc_body3_skin2
xmodel,c_t7_mp_firebreak_mpc_body3_skin3
xmodel,c_t7_mp_firebreak_mpc_body3_skin4
xmodel,c_t7_mp_firebreak_mpc_body3_skin5
xmodel,c_t7_mp_firebreak_mpc_body3_skin6
xmodel,c_t7_mp_firebreak_mpc_body3_skin7
xmodel,c_t7_mp_firebreak_mpc_body3_skin8
xmodel,c_t7_mp_firebreak_mpc_body3_skin9
xmodel,c_t7_mp_firebreak_mpc_fb1_skin1
xmodel,c_t7_mp_firebreak_mpc_head1_skin1
xmodel,c_t7_mp_firebreak_mpc_head1_skin2
xmodel,c_t7_mp_firebreak_mpc_head1_skin3
xmodel,c_t7_mp_firebreak_mpc_head1_skin4
xmodel,c_t7_mp_firebreak_mpc_head1_skin5
xmodel,c_t7_mp_firebreak_mpc_head1_skin6
xmodel,c_t7_mp_firebreak_mpc_head1_skin7
xmodel,c_t7_mp_firebreak_mpc_head1_skin8
xmodel,c_t7_mp_firebreak_mpc_head1_skin9
xmodel,c_t7_mp_firebreak_mpc_head2_skin1
xmodel,c_t7_mp_firebreak_mpc_head2_skin2
xmodel,c_t7_mp_firebreak_mpc_head2_skin3
xmodel,c_t7_mp_firebreak_mpc_head2_skin4
xmodel,c_t7_mp_firebreak_mpc_head2_skin5
xmodel,c_t7_mp_firebreak_mpc_head2_skin6
xmodel,c_t7_mp_firebreak_mpc_head2_skin7
xmodel,c_t7_mp_firebreak_mpc_head2_skin8
xmodel,c_t7_mp_firebreak_mpc_head2_skin9
xmodel,c_t7_mp_firebreak_mpc_head3_skin1
xmodel,c_t7_mp_firebreak_mpc_head3_skin2
xmodel,c_t7_mp_firebreak_mpc_head3_skin3
xmodel,c_t7_mp_firebreak_mpc_head3_skin4
xmodel,c_t7_mp_firebreak_mpc_head3_skin5
xmodel,c_t7_mp_firebreak_mpc_head3_skin6
xmodel,c_t7_mp_firebreak_mpc_head3_skin7
xmodel,c_t7_mp_firebreak_mpc_head3_skin8
xmodel,c_t7_mp_firebreak_mpc_head3_skin9
xmodel,c_t7_mp_gunslinger_mpc_body1_skin1
xmodel,c_t7_mp_gunslinger_mpc_body1_skin10
xmodel,c_t7_mp_gunslinger_mpc_body1_skin11
xmodel,c_t7_mp_gunslinger_mpc_body1_skin12
xmodel,c_t7_mp_gunslinger_mpc_body1_skin13
xmodel,c_t7_mp_gunslinger_mpc_body1_skin14
xmodel,c_t7_mp_gunslinger_mpc_body1_skin15
xmodel,c_t7_mp_gunslinger_mpc_body1_skin2
xmodel,c_t7_mp_gunslinger_mpc_body1_skin3
xmodel,c_t7_mp_gunslinger_mpc_body1_skin4
xmodel,c_t7_mp_gunslinger_mpc_body1_skin5
xmodel,c_t7_mp_gunslinger_mpc_body1_skin6
xmodel,c_t7_mp_gunslinger_mpc_body1_skin7
xmodel,c_t7_mp_gunslinger_mpc_body1_skin8
xmodel,c_t7_mp_gunslinger_mpc_body1_skin9
xmodel,c_t7_mp_gunslinger_mpc_body2_skin1
xmodel,c_t7_mp_gunslinger_mpc_body2_skin10
xmodel,c_t7_mp_gunslinger_mpc_body2_skin11
xmodel,c_t7_mp_gunslinger_mpc_body2_skin12
xmodel,c_t7_mp_gunslinger_mpc_body2_skin13
xmodel,c_t7_mp_gunslinger_mpc_body2_skin2
xmodel,c_t7_mp_gunslinger_mpc_body2_skin3
xmodel,c_t7_mp_gunslinger_mpc_body2_skin4
xmodel,c_t7_mp_gunslinger_mpc_body2_skin5
xmodel,c_t7_mp_gunslinger_mpc_body2_skin6
xmodel,c_t7_mp_gunslinger_mpc_body2_skin7
xmodel,c_t7_mp_gunslinger_mpc_body2_skin8
xmodel,c_t7_mp_gunslinger_mpc_body2_skin9
xmodel,c_t7_mp_gunslinger_mpc_body3_skin1
xmodel,c_t7_mp_gunslinger_mpc_body3_skin2
xmodel,c_t7_mp_gunslinger_mpc_body3_skin3
xmodel,c_t7_mp_gunslinger_mpc_body3_skin4
xmodel,c_t7_mp_gunslinger_mpc_body3_skin5
xmodel,c_t7_mp_gunslinger_mpc_body3_skin6
xmodel,c_t7_mp_gunslinger_mpc_body3_skin7
xmodel,c_t7_mp_gunslinger_mpc_body3_skin8
xmodel,c_t7_mp_gunslinger_mpc_fb1_skin1
xmodel,c_t7_mp_gunslinger_mpc_head1_skin1
xmodel,c_t7_mp_gunslinger_mpc_head1_skin2
xmodel,c_t7_mp_gunslinger_mpc_head1_skin3
xmodel,c_t7_mp_gunslinger_mpc_head1_skin4
xmodel,c_t7_mp_gunslinger_mpc_head1_skin5
xmodel,c_t7_mp_gunslinger_mpc_head1_skin6
xmodel,c_t7_mp_gunslinger_mpc_head1_skin7
xmodel,c_t7_mp_gunslinger_mpc_head2_skin1
xmodel,c_t7_mp_gunslinger_mpc_head2_skin2
xmodel,c_t7_mp_gunslinger_mpc_head2_skin3
xmodel,c_t7_mp_gunslinger_mpc_head2_skin4
xmodel,c_t7_mp_gunslinger_mpc_head2_skin5
xmodel,c_t7_mp_gunslinger_mpc_head2_skin6
xmodel,c_t7_mp_gunslinger_mpc_head2_skin7
xmodel,c_t7_mp_gunslinger_mpc_head3_skin1
xmodel,c_t7_mp_gunslinger_mpc_head3_skin2
xmodel,c_t7_mp_gunslinger_mpc_head3_skin3
xmodel,c_t7_mp_gunslinger_mpc_head3_skin4
xmodel,c_t7_mp_gunslinger_mpc_head3_skin5
xmodel,c_t7_mp_gunslinger_mpc_head3_skin6
xmodel,c_t7_mp_gunslinger_mpc_head4_skin1
xmodel,c_t7_mp_gunslinger_mpc_head4_skin2
xmodel,c_t7_mp_gunslinger_mpc_head4_skin3
xmodel,c_t7_mp_gunslinger_mpc_head4_skin4
xmodel,c_t7_mp_gunslinger_mpc_head4_skin5
xmodel,c_t7_mp_gunslinger_mpc_head4_skin6
xmodel,c_t7_mp_gunslinger_mpc_head4_skin7
xmodel,c_t7_mp_gunslinger_viewarms1_skin1
xmodel,c_t7_mp_gunslinger_viewarms1_skin10
xmodel,c_t7_mp_gunslinger_viewarms1_skin11
xmodel,c_t7_mp_gunslinger_viewarms1_skin12
xmodel,c_t7_mp_gunslinger_viewarms1_skin13
xmodel,c_t7_mp_gunslinger_viewarms1_skin14
xmodel,c_t7_mp_gunslinger_viewarms1_skin15
xmodel,c_t7_mp_gunslinger_viewarms1_skin2
xmodel,c_t7_mp_gunslinger_viewarms1_skin3
xmodel,c_t7_mp_gunslinger_viewarms1_skin4
xmodel,c_t7_mp_gunslinger_viewarms1_skin5
xmodel,c_t7_mp_gunslinger_viewarms1_skin6
xmodel,c_t7_mp_gunslinger_viewarms1_skin7
xmodel,c_t7_mp_gunslinger_viewarms1_skin8
xmodel,c_t7_mp_gunslinger_viewarms1_skin9
xmodel,c_t7_mp_gunslinger_viewarms2_skin1
xmodel,c_t7_mp_gunslinger_viewarms2_skin10
xmodel,c_t7_mp_gunslinger_viewarms2_skin11
xmodel,c_t7_mp_gunslinger_viewarms2_skin12
xmodel,c_t7_mp_gunslinger_viewarms2_skin13
xmodel,c_t7_mp_gunslinger_viewarms2_skin2
xmodel,c_t7_mp_gunslinger_viewarms2_skin3
xmodel,c_t7_mp_gunslinger_viewarms2_skin4
xmodel,c_t7_mp_gunslinger_viewarms2_skin5
xmodel,c_t7_mp_gunslinger_viewarms2_skin6
xmodel,c_t7_mp_gunslinger_viewarms2_skin7
xmodel,c_t7_mp_gunslinger_viewarms2_skin8
xmodel,c_t7_mp_gunslinger_viewarms2_skin9
xmodel,c_t7_mp_gunslinger_viewarms3_skin1
xmodel,c_t7_mp_gunslinger_viewarms3_skin2
xmodel,c_t7_mp_gunslinger_viewarms3_skin3
xmodel,c_t7_mp_gunslinger_viewarms3_skin4
xmodel,c_t7_mp_gunslinger_viewarms3_skin5
xmodel,c_t7_mp_gunslinger_viewarms3_skin6
xmodel,c_t7_mp_gunslinger_viewarms3_skin7
xmodel,c_t7_mp_gunslinger_viewarms3_skin8
xmodel,c_t7_mp_gunslinger_viewlegs1_skin1
xmodel,c_t7_mp_gunslinger_viewlegs1_skin10
xmodel,c_t7_mp_gunslinger_viewlegs1_skin11
xmodel,c_t7_mp_gunslinger_viewlegs1_skin12
xmodel,c_t7_mp_gunslinger_viewlegs1_skin13
xmodel,c_t7_mp_gunslinger_viewlegs1_skin14
xmodel,c_t7_mp_gunslinger_viewlegs1_skin15
xmodel,c_t7_mp_gunslinger_viewlegs1_skin2
xmodel,c_t7_mp_gunslinger_viewlegs1_skin3
xmodel,c_t7_mp_gunslinger_viewlegs1_skin4
xmodel,c_t7_mp_gunslinger_viewlegs1_skin5
xmodel,c_t7_mp_gunslinger_viewlegs1_skin6
xmodel,c_t7_mp_gunslinger_viewlegs1_skin7
xmodel,c_t7_mp_gunslinger_viewlegs1_skin8
xmodel,c_t7_mp_gunslinger_viewlegs1_skin9
xmodel,c_t7_mp_gunslinger_viewlegs2_skin1
xmodel,c_t7_mp_gunslinger_viewlegs2_skin10
xmodel,c_t7_mp_gunslinger_viewlegs2_skin11
xmodel,c_t7_mp_gunslinger_viewlegs2_skin12
xmodel,c_t7_mp_gunslinger_viewlegs2_skin13
xmodel,c_t7_mp_gunslinger_viewlegs2_skin2
xmodel,c_t7_mp_gunslinger_viewlegs2_skin3
xmodel,c_t7_mp_gunslinger_viewlegs2_skin4
xmodel,c_t7_mp_gunslinger_viewlegs2_skin5
xmodel,c_t7_mp_gunslinger_viewlegs2_skin6
xmodel,c_t7_mp_gunslinger_viewlegs2_skin7
xmodel,c_t7_mp_gunslinger_viewlegs2_skin8
xmodel,c_t7_mp_gunslinger_viewlegs2_skin9
xmodel,c_t7_mp_gunslinger_viewlegs3_skin1
xmodel,c_t7_mp_gunslinger_viewlegs3_skin2
xmodel,c_t7_mp_gunslinger_viewlegs3_skin3
xmodel,c_t7_mp_gunslinger_viewlegs3_skin4
xmodel,c_t7_mp_gunslinger_viewlegs3_skin5
xmodel,c_t7_mp_gunslinger_viewlegs3_skin6
xmodel,c_t7_mp_gunslinger_viewlegs3_skin7
xmodel,c_t7_mp_gunslinger_viewlegs3_skin8
xmodel,c_t7_mp_hunter_mpc_body1_skin1
xmodel,c_t7_mp_hunter_mpc_body1_skin10
xmodel,c_t7_mp_hunter_mpc_body1_skin11
xmodel,c_t7_mp_hunter_mpc_body1_skin12
xmodel,c_t7_mp_hunter_mpc_body1_skin13
xmodel,c_t7_mp_hunter_mpc_body1_skin14
xmodel,c_t7_mp_hunter_mpc_body1_skin15
xmodel,c_t7_mp_hunter_mpc_body1_skin2
xmodel,c_t7_mp_hunter_mpc_body1_skin3
xmodel,c_t7_mp_hunter_mpc_body1_skin4
xmodel,c_t7_mp_hunter_mpc_body1_skin5
xmodel,c_t7_mp_hunter_mpc_body1_skin6
xmodel,c_t7_mp_hunter_mpc_body1_skin7
xmodel,c_t7_mp_hunter_mpc_body1_skin8
xmodel,c_t7_mp_hunter_mpc_body1_skin9
xmodel,c_t7_mp_hunter_mpc_body2_skin1
xmodel,c_t7_mp_hunter_mpc_body2_skin10
xmodel,c_t7_mp_hunter_mpc_body2_skin11
xmodel,c_t7_mp_hunter_mpc_body2_skin12
xmodel,c_t7_mp_hunter_mpc_body2_skin13
xmodel,c_t7_mp_hunter_mpc_body2_skin14
xmodel,c_t7_mp_hunter_mpc_body2_skin15
xmodel,c_t7_mp_hunter_mpc_body2_skin2
xmodel,c_t7_mp_hunter_mpc_body2_skin3
xmodel,c_t7_mp_hunter_mpc_body2_skin4
xmodel,c_t7_mp_hunter_mpc_body2_skin5
xmodel,c_t7_mp_hunter_mpc_body2_skin6
xmodel,c_t7_mp_hunter_mpc_body2_skin7
xmodel,c_t7_mp_hunter_mpc_body2_skin8
xmodel,c_t7_mp_hunter_mpc_body2_skin9
xmodel,c_t7_mp_hunter_mpc_body3_skin1
xmodel,c_t7_mp_hunter_mpc_body3_skin10
xmodel,c_t7_mp_hunter_mpc_body3_skin11
xmodel,c_t7_mp_hunter_mpc_body3_skin12
xmodel,c_t7_mp_hunter_mpc_body3_skin13
xmodel,c_t7_mp_hunter_mpc_body3_skin14
xmodel,c_t7_mp_hunter_mpc_body3_skin15
xmodel,c_t7_mp_hunter_mpc_body3_skin2
xmodel,c_t7_mp_hunter_mpc_body3_skin3
xmodel,c_t7_mp_hunter_mpc_body3_skin4
xmodel,c_t7_mp_hunter_mpc_body3_skin5
xmodel,c_t7_mp_hunter_mpc_body3_skin6
xmodel,c_t7_mp_hunter_mpc_body3_skin7
xmodel,c_t7_mp_hunter_mpc_body3_skin8
xmodel,c_t7_mp_hunter_mpc_body3_skin9
xmodel,c_t7_mp_hunter_mpc_fb1_skin1
xmodel,c_t7_mp_hunter_mpc_head1_skin1
xmodel,c_t7_mp_hunter_mpc_head1_skin2
xmodel,c_t7_mp_hunter_mpc_head1_skin3
xmodel,c_t7_mp_hunter_mpc_head1_skin4
xmodel,c_t7_mp_hunter_mpc_head1_skin5
xmodel,c_t7_mp_hunter_mpc_head1_skin6
xmodel,c_t7_mp_hunter_mpc_head1_skin7
xmodel,c_t7_mp_hunter_mpc_head1_skin8
xmodel,c_t7_mp_hunter_mpc_head1_skin9
xmodel,c_t7_mp_hunter_mpc_head2_skin1
xmodel,c_t7_mp_hunter_mpc_head2_skin2
xmodel,c_t7_mp_hunter_mpc_head2_skin3
xmodel,c_t7_mp_hunter_mpc_head2_skin4
xmodel,c_t7_mp_hunter_mpc_head2_skin5
xmodel,c_t7_mp_hunter_mpc_head2_skin6
xmodel,c_t7_mp_hunter_mpc_head2_skin7
xmodel,c_t7_mp_hunter_mpc_head2_skin8
xmodel,c_t7_mp_hunter_mpc_head2_skin9
xmodel,c_t7_mp_hunter_mpc_head3_skin1
xmodel,c_t7_mp_hunter_mpc_head3_skin2
xmodel,c_t7_mp_hunter_mpc_head3_skin3
xmodel,c_t7_mp_hunter_mpc_head3_skin4
xmodel,c_t7_mp_hunter_mpc_head3_skin5
xmodel,c_t7_mp_hunter_mpc_head3_skin6
xmodel,c_t7_mp_hunter_mpc_head3_skin7
xmodel,c_t7_mp_hunter_mpc_head3_skin8
xmodel,c_t7_mp_hunter_mpc_head3_skin9
xmodel,c_t7_mp_hunter_viewarms1_skin1
xmodel,c_t7_mp_hunter_viewarms1_skin10
xmodel,c_t7_mp_hunter_viewarms1_skin11
xmodel,c_t7_mp_hunter_viewarms1_skin12
xmodel,c_t7_mp_hunter_viewarms1_skin13
xmodel,c_t7_mp_hunter_viewarms1_skin14
xmodel,c_t7_mp_hunter_viewarms1_skin15
xmodel,c_t7_mp_hunter_viewarms1_skin2
xmodel,c_t7_mp_hunter_viewarms1_skin3
xmodel,c_t7_mp_hunter_viewarms1_skin4
xmodel,c_t7_mp_hunter_viewarms1_skin5
xmodel,c_t7_mp_hunter_viewarms1_skin6
xmodel,c_t7_mp_hunter_viewarms1_skin7
xmodel,c_t7_mp_hunter_viewarms1_skin8
xmodel,c_t7_mp_hunter_viewarms1_skin9
xmodel,c_t7_mp_hunter_viewarms2_skin1
xmodel,c_t7_mp_hunter_viewarms2_skin10
xmodel,c_t7_mp_hunter_viewarms2_skin11
xmodel,c_t7_mp_hunter_viewarms2_skin12
xmodel,c_t7_mp_hunter_viewarms2_skin13
xmodel,c_t7_mp_hunter_viewarms2_skin14
xmodel,c_t7_mp_hunter_viewarms2_skin15
xmodel,c_t7_mp_hunter_viewarms2_skin2
xmodel,c_t7_mp_hunter_viewarms2_skin3
xmodel,c_t7_mp_hunter_viewarms2_skin4
xmodel,c_t7_mp_hunter_viewarms2_skin5
xmodel,c_t7_mp_hunter_viewarms2_skin6
xmodel,c_t7_mp_hunter_viewarms2_skin7
xmodel,c_t7_mp_hunter_viewarms2_skin8
xmodel,c_t7_mp_hunter_viewarms2_skin9
xmodel,c_t7_mp_hunter_viewarms3_skin1
xmodel,c_t7_mp_hunter_viewarms3_skin10
xmodel,c_t7_mp_hunter_viewarms3_skin11
xmodel,c_t7_mp_hunter_viewarms3_skin12
xmodel,c_t7_mp_hunter_viewarms3_skin13
xmodel,c_t7_mp_hunter_viewarms3_skin14
xmodel,c_t7_mp_hunter_viewarms3_skin15
xmodel,c_t7_mp_hunter_viewarms3_skin2
xmodel,c_t7_mp_hunter_viewarms3_skin3
xmodel,c_t7_mp_hunter_viewarms3_skin4
xmodel,c_t7_mp_hunter_viewarms3_skin5
xmodel,c_t7_mp_hunter_viewarms3_skin6
xmodel,c_t7_mp_hunter_viewarms3_skin7
xmodel,c_t7_mp_hunter_viewarms3_skin8
xmodel,c_t7_mp_hunter_viewarms3_skin9
xmodel,c_t7_mp_hunter_viewlegs1_skin1
xmodel,c_t7_mp_hunter_viewlegs1_skin10
xmodel,c_t7_mp_hunter_viewlegs1_skin11
xmodel,c_t7_mp_hunter_viewlegs1_skin12
xmodel,c_t7_mp_hunter_viewlegs1_skin13
xmodel,c_t7_mp_hunter_viewlegs1_skin14
xmodel,c_t7_mp_hunter_viewlegs1_skin15
xmodel,c_t7_mp_hunter_viewlegs1_skin2
xmodel,c_t7_mp_hunter_viewlegs1_skin3
xmodel,c_t7_mp_hunter_viewlegs1_skin4
xmodel,c_t7_mp_hunter_viewlegs1_skin5
xmodel,c_t7_mp_hunter_viewlegs1_skin6
xmodel,c_t7_mp_hunter_viewlegs1_skin7
xmodel,c_t7_mp_hunter_viewlegs1_skin8
xmodel,c_t7_mp_hunter_viewlegs1_skin9
xmodel,c_t7_mp_hunter_viewlegs2_skin1
xmodel,c_t7_mp_hunter_viewlegs2_skin10
xmodel,c_t7_mp_hunter_viewlegs2_skin11
xmodel,c_t7_mp_hunter_viewlegs2_skin12
xmodel,c_t7_mp_hunter_viewlegs2_skin13
xmodel,c_t7_mp_hunter_viewlegs2_skin14
xmodel,c_t7_mp_hunter_viewlegs2_skin15
xmodel,c_t7_mp_hunter_viewlegs2_skin2
xmodel,c_t7_mp_hunter_viewlegs2_skin3
xmodel,c_t7_mp_hunter_viewlegs2_skin4
xmodel,c_t7_mp_hunter_viewlegs2_skin5
xmodel,c_t7_mp_hunter_viewlegs2_skin6
xmodel,c_t7_mp_hunter_viewlegs2_skin7
xmodel,c_t7_mp_hunter_viewlegs2_skin8
xmodel,c_t7_mp_hunter_viewlegs2_skin9
xmodel,c_t7_mp_hunter_viewlegs3_skin1
xmodel,c_t7_mp_hunter_viewlegs3_skin10
xmodel,c_t7_mp_hunter_viewlegs3_skin11
xmodel,c_t7_mp_hunter_viewlegs3_skin12
xmodel,c_t7_mp_hunter_viewlegs3_skin13
xmodel,c_t7_mp_hunter_viewlegs3_skin14
xmodel,c_t7_mp_hunter_viewlegs3_skin15
xmodel,c_t7_mp_hunter_viewlegs3_skin2
xmodel,c_t7_mp_hunter_viewlegs3_skin3
xmodel,c_t7_mp_hunter_viewlegs3_skin4
xmodel,c_t7_mp_hunter_viewlegs3_skin5
xmodel,c_t7_mp_hunter_viewlegs3_skin6
xmodel,c_t7_mp_hunter_viewlegs3_skin7
xmodel,c_t7_mp_hunter_viewlegs3_skin8
xmodel,c_t7_mp_hunter_viewlegs3_skin9
xmodel,c_t7_mp_lo_saito_mpc_fe
xmodel,c_t7_mp_nomad_mpc_body1_skin1
xmodel,c_t7_mp_nomad_mpc_body1_skin10
xmodel,c_t7_mp_nomad_mpc_body1_skin11
xmodel,c_t7_mp_nomad_mpc_body1_skin12
xmodel,c_t7_mp_nomad_mpc_body1_skin13
xmodel,c_t7_mp_nomad_mpc_body1_skin14
xmodel,c_t7_mp_nomad_mpc_body1_skin15
xmodel,c_t7_mp_nomad_mpc_body1_skin2
xmodel,c_t7_mp_nomad_mpc_body1_skin3
xmodel,c_t7_mp_nomad_mpc_body1_skin4
xmodel,c_t7_mp_nomad_mpc_body1_skin5
xmodel,c_t7_mp_nomad_mpc_body1_skin6
xmodel,c_t7_mp_nomad_mpc_body1_skin7
xmodel,c_t7_mp_nomad_mpc_body1_skin8
xmodel,c_t7_mp_nomad_mpc_body1_skin9
xmodel,c_t7_mp_nomad_mpc_body2_skin1
xmodel,c_t7_mp_nomad_mpc_body2_skin10
xmodel,c_t7_mp_nomad_mpc_body2_skin11
xmodel,c_t7_mp_nomad_mpc_body2_skin12
xmodel,c_t7_mp_nomad_mpc_body2_skin13
xmodel,c_t7_mp_nomad_mpc_body2_skin14
xmodel,c_t7_mp_nomad_mpc_body2_skin15
xmodel,c_t7_mp_nomad_mpc_body2_skin2
xmodel,c_t7_mp_nomad_mpc_body2_skin3
xmodel,c_t7_mp_nomad_mpc_body2_skin4
xmodel,c_t7_mp_nomad_mpc_body2_skin5
xmodel,c_t7_mp_nomad_mpc_body2_skin6
xmodel,c_t7_mp_nomad_mpc_body2_skin7
xmodel,c_t7_mp_nomad_mpc_body2_skin8
xmodel,c_t7_mp_nomad_mpc_body2_skin9
xmodel,c_t7_mp_nomad_mpc_body3_skin1
xmodel,c_t7_mp_nomad_mpc_body3_skin10
xmodel,c_t7_mp_nomad_mpc_body3_skin11
xmodel,c_t7_mp_nomad_mpc_body3_skin12
xmodel,c_t7_mp_nomad_mpc_body3_skin13
xmodel,c_t7_mp_nomad_mpc_body3_skin14
xmodel,c_t7_mp_nomad_mpc_body3_skin15
xmodel,c_t7_mp_nomad_mpc_body3_skin2
xmodel,c_t7_mp_nomad_mpc_body3_skin3
xmodel,c_t7_mp_nomad_mpc_body3_skin4
xmodel,c_t7_mp_nomad_mpc_body3_skin5
xmodel,c_t7_mp_nomad_mpc_body3_skin6
xmodel,c_t7_mp_nomad_mpc_body3_skin7
xmodel,c_t7_mp_nomad_mpc_body3_skin8
xmodel,c_t7_mp_nomad_mpc_body3_skin9
xmodel,c_t7_mp_nomad_mpc_fb1_skin1
xmodel,c_t7_mp_nomad_mpc_head1_skin1
xmodel,c_t7_mp_nomad_mpc_head1_skin2
xmodel,c_t7_mp_nomad_mpc_head1_skin3
xmodel,c_t7_mp_nomad_mpc_head1_skin4
xmodel,c_t7_mp_nomad_mpc_head1_skin5
xmodel,c_t7_mp_nomad_mpc_head1_skin6
xmodel,c_t7_mp_nomad_mpc_head1_skin7
xmodel,c_t7_mp_nomad_mpc_head1_skin8
xmodel,c_t7_mp_nomad_mpc_head1_skin9
xmodel,c_t7_mp_nomad_mpc_head2_skin1
xmodel,c_t7_mp_nomad_mpc_head2_skin2
xmodel,c_t7_mp_nomad_mpc_head2_skin3
xmodel,c_t7_mp_nomad_mpc_head2_skin4
xmodel,c_t7_mp_nomad_mpc_head2_skin5
xmodel,c_t7_mp_nomad_mpc_head2_skin6
xmodel,c_t7_mp_nomad_mpc_head2_skin7
xmodel,c_t7_mp_nomad_mpc_head2_skin8
xmodel,c_t7_mp_nomad_mpc_head2_skin9
xmodel,c_t7_mp_nomad_mpc_head3_skin1
xmodel,c_t7_mp_nomad_mpc_head3_skin2
xmodel,c_t7_mp_nomad_mpc_head3_skin3
xmodel,c_t7_mp_nomad_mpc_head3_skin4
xmodel,c_t7_mp_nomad_mpc_head3_skin5
xmodel,c_t7_mp_nomad_mpc_head3_skin6
xmodel,c_t7_mp_nomad_mpc_head3_skin7
xmodel,c_t7_mp_nomad_mpc_head3_skin8
xmodel,c_t7_mp_nomad_mpc_head3_skin9
xmodel,c_t7_mp_nomad_mpc_head4_skin1
xmodel,c_t7_mp_nomad_mpc_head4_skin2
xmodel,c_t7_mp_nomad_mpc_head4_skin3
xmodel,c_t7_mp_nomad_mpc_head4_skin4
xmodel,c_t7_mp_nomad_mpc_head4_skin5
xmodel,c_t7_mp_nomad_mpc_head4_skin6
xmodel,c_t7_mp_nomad_mpc_head4_skin7
xmodel,c_t7_mp_nomad_mpc_head4_skin8
xmodel,c_t7_mp_nomad_mpc_head4_skin9
xmodel,c_t7_mp_nomad_viewarms1_skin1
xmodel,c_t7_mp_nomad_viewarms1_skin10
xmodel,c_t7_mp_nomad_viewarms1_skin11
xmodel,c_t7_mp_nomad_viewarms1_skin12
xmodel,c_t7_mp_nomad_viewarms1_skin13
xmodel,c_t7_mp_nomad_viewarms1_skin14
xmodel,c_t7_mp_nomad_viewarms1_skin15
xmodel,c_t7_mp_nomad_viewarms1_skin2
xmodel,c_t7_mp_nomad_viewarms1_skin3
xmodel,c_t7_mp_nomad_viewarms1_skin4
xmodel,c_t7_mp_nomad_viewarms1_skin5
xmodel,c_t7_mp_nomad_viewarms1_skin6
xmodel,c_t7_mp_nomad_viewarms1_skin7
xmodel,c_t7_mp_nomad_viewarms1_skin8
xmodel,c_t7_mp_nomad_viewarms1_skin9
xmodel,c_t7_mp_nomad_viewarms2_skin1
xmodel,c_t7_mp_nomad_viewarms2_skin10
xmodel,c_t7_mp_nomad_viewarms2_skin11
xmodel,c_t7_mp_nomad_viewarms2_skin12
xmodel,c_t7_mp_nomad_viewarms2_skin13
xmodel,c_t7_mp_nomad_viewarms2_skin14
xmodel,c_t7_mp_nomad_viewarms2_skin15
xmodel,c_t7_mp_nomad_viewarms2_skin2
xmodel,c_t7_mp_nomad_viewarms2_skin3
xmodel,c_t7_mp_nomad_viewarms2_skin4
xmodel,c_t7_mp_nomad_viewarms2_skin5
xmodel,c_t7_mp_nomad_viewarms2_skin6
xmodel,c_t7_mp_nomad_viewarms2_skin7
xmodel,c_t7_mp_nomad_viewarms2_skin8
xmodel,c_t7_mp_nomad_viewarms2_skin9
xmodel,c_t7_mp_nomad_viewarms3_skin1
xmodel,c_t7_mp_nomad_viewarms3_skin10
xmodel,c_t7_mp_nomad_viewarms3_skin11
xmodel,c_t7_mp_nomad_viewarms3_skin12
xmodel,c_t7_mp_nomad_viewarms3_skin13
xmodel,c_t7_mp_nomad_viewarms3_skin14
xmodel,c_t7_mp_nomad_viewarms3_skin15
xmodel,c_t7_mp_nomad_viewarms3_skin2
xmodel,c_t7_mp_nomad_viewarms3_skin3
xmodel,c_t7_mp_nomad_viewarms3_skin4
xmodel,c_t7_mp_nomad_viewarms3_skin5
xmodel,c_t7_mp_nomad_viewarms3_skin6
xmodel,c_t7_mp_nomad_viewarms3_skin7
xmodel,c_t7_mp_nomad_viewarms3_skin8
xmodel,c_t7_mp_nomad_viewarms3_skin9
xmodel,c_t7_mp_nomad_viewlegs1_skin1
xmodel,c_t7_mp_nomad_viewlegs1_skin10
xmodel,c_t7_mp_nomad_viewlegs1_skin11
xmodel,c_t7_mp_nomad_viewlegs1_skin12
xmodel,c_t7_mp_nomad_viewlegs1_skin13
xmodel,c_t7_mp_nomad_viewlegs1_skin14
xmodel,c_t7_mp_nomad_viewlegs1_skin15
xmodel,c_t7_mp_nomad_viewlegs1_skin2
xmodel,c_t7_mp_nomad_viewlegs1_skin3
xmodel,c_t7_mp_nomad_viewlegs1_skin4
xmodel,c_t7_mp_nomad_viewlegs1_skin5
xmodel,c_t7_mp_nomad_viewlegs1_skin6
xmodel,c_t7_mp_nomad_viewlegs1_skin7
xmodel,c_t7_mp_nomad_viewlegs1_skin8
xmodel,c_t7_mp_nomad_viewlegs1_skin9
xmodel,c_t7_mp_nomad_viewlegs2_skin1
xmodel,c_t7_mp_nomad_viewlegs2_skin10
xmodel,c_t7_mp_nomad_viewlegs2_skin11
xmodel,c_t7_mp_nomad_viewlegs2_skin12
xmodel,c_t7_mp_nomad_viewlegs2_skin13
xmodel,c_t7_mp_nomad_viewlegs2_skin14
xmodel,c_t7_mp_nomad_viewlegs2_skin15
xmodel,c_t7_mp_nomad_viewlegs2_skin2
xmodel,c_t7_mp_nomad_viewlegs2_skin3
xmodel,c_t7_mp_nomad_viewlegs2_skin4
xmodel,c_t7_mp_nomad_viewlegs2_skin5
xmodel,c_t7_mp_nomad_viewlegs2_skin6
xmodel,c_t7_mp_nomad_viewlegs2_skin7
xmodel,c_t7_mp_nomad_viewlegs2_skin8
xmodel,c_t7_mp_nomad_viewlegs2_skin9
xmodel,c_t7_mp_nomad_viewlegs3_skin1
xmodel,c_t7_mp_nomad_viewlegs3_skin10
xmodel,c_t7_mp_nomad_viewlegs3_skin11
xmodel,c_t7_mp_nomad_viewlegs3_skin12
xmodel,c_t7_mp_nomad_viewlegs3_skin13
xmodel,c_t7_mp_nomad_viewlegs3_skin14
xmodel,c_t7_mp_nomad_viewlegs3_skin15
xmodel,c_t7_mp_nomad_viewlegs3_skin2
xmodel,c_t7_mp_nomad_viewlegs3_skin3
xmodel,c_t7_mp_nomad_viewlegs3_skin4
xmodel,c_t7_mp_nomad_viewlegs3_skin5
xmodel,c_t7_mp_nomad_viewlegs3_skin6
xmodel,c_t7_mp_nomad_viewlegs3_skin7
xmodel,c_t7_mp_nomad_viewlegs3_skin8
xmodel,c_t7_mp_nomad_viewlegs3_skin9
xmodel,c_t7_mp_technomancer_mpc_body1_skin1
xmodel,c_t7_mp_technomancer_mpc_body1_skin10
xmodel,c_t7_mp_technomancer_mpc_body1_skin11
xmodel,c_t7_mp_technomancer_mpc_body1_skin12
xmodel,c_t7_mp_technomancer_mpc_body1_skin13
xmodel,c_t7_mp_technomancer_mpc_body1_skin14
xmodel,c_t7_mp_technomancer_mpc_body1_skin15
xmodel,c_t7_mp_technomancer_mpc_body1_skin2
xmodel,c_t7_mp_technomancer_mpc_body1_skin3
xmodel,c_t7_mp_technomancer_mpc_body1_skin4
xmodel,c_t7_mp_technomancer_mpc_body1_skin5
xmodel,c_t7_mp_technomancer_mpc_body1_skin6
xmodel,c_t7_mp_technomancer_mpc_body1_skin7
xmodel,c_t7_mp_technomancer_mpc_body1_skin8
xmodel,c_t7_mp_technomancer_mpc_body1_skin9
xmodel,c_t7_mp_technomancer_mpc_body2_skin1
xmodel,c_t7_mp_technomancer_mpc_body2_skin10
xmodel,c_t7_mp_technomancer_mpc_body2_skin11
xmodel,c_t7_mp_technomancer_mpc_body2_skin12
xmodel,c_t7_mp_technomancer_mpc_body2_skin13
xmodel,c_t7_mp_technomancer_mpc_body2_skin14
xmodel,c_t7_mp_technomancer_mpc_body2_skin15
xmodel,c_t7_mp_technomancer_mpc_body2_skin2
xmodel,c_t7_mp_technomancer_mpc_body2_skin3
xmodel,c_t7_mp_technomancer_mpc_body2_skin4
xmodel,c_t7_mp_technomancer_mpc_body2_skin5
xmodel,c_t7_mp_technomancer_mpc_body2_skin6
xmodel,c_t7_mp_technomancer_mpc_body2_skin7
xmodel,c_t7_mp_technomancer_mpc_body2_skin8
xmodel,c_t7_mp_technomancer_mpc_body2_skin9
xmodel,c_t7_mp_technomancer_mpc_body3_skin1
xmodel,c_t7_mp_technomancer_mpc_body3_skin10
xmodel,c_t7_mp_technomancer_mpc_body3_skin11
xmodel,c_t7_mp_technomancer_mpc_body3_skin12
xmodel,c_t7_mp_technomancer_mpc_body3_skin13
xmodel,c_t7_mp_technomancer_mpc_body3_skin14
xmodel,c_t7_mp_technomancer_mpc_body3_skin15
xmodel,c_t7_mp_technomancer_mpc_body3_skin2
xmodel,c_t7_mp_technomancer_mpc_body3_skin3
xmodel,c_t7_mp_technomancer_mpc_body3_skin4
xmodel,c_t7_mp_technomancer_mpc_body3_skin5
xmodel,c_t7_mp_technomancer_mpc_body3_skin6
xmodel,c_t7_mp_technomancer_mpc_body3_skin7
xmodel,c_t7_mp_technomancer_mpc_body3_skin8
xmodel,c_t7_mp_technomancer_mpc_body3_skin9
xmodel,c_t7_mp_technomancer_mpc_fb1_skin1
xmodel,c_t7_mp_technomancer_mpc_head1_skin1
xmodel,c_t7_mp_technomancer_mpc_head1_skin2
xmodel,c_t7_mp_technomancer_mpc_head1_skin3
xmodel,c_t7_mp_technomancer_mpc_head1_skin4
xmodel,c_t7_mp_technomancer_mpc_head1_skin5
xmodel,c_t7_mp_technomancer_mpc_head1_skin6
xmodel,c_t7_mp_technomancer_mpc_head1_skin7
xmodel,c_t7_mp_technomancer_mpc_head1_skin8
xmodel,c_t7_mp_technomancer_mpc_head1_skin9
xmodel,c_t7_mp_technomancer_mpc_head2_skin1
xmodel,c_t7_mp_technomancer_mpc_head2_skin2
xmodel,c_t7_mp_technomancer_mpc_head2_skin3
xmodel,c_t7_mp_technomancer_mpc_head2_skin4
xmodel,c_t7_mp_technomancer_mpc_head2_skin5
xmodel,c_t7_mp_technomancer_mpc_head2_skin6
xmodel,c_t7_mp_technomancer_mpc_head2_skin7
xmodel,c_t7_mp_technomancer_mpc_head2_skin8
xmodel,c_t7_mp_technomancer_mpc_head2_skin9
xmodel,c_t7_mp_technomancer_mpc_head3_skin1
xmodel,c_t7_mp_technomancer_mpc_head3_skin2
xmodel,c_t7_mp_technomancer_mpc_head3_skin3
xmodel,c_t7_mp_technomancer_mpc_head3_skin4
xmodel,c_t7_mp_technomancer_mpc_head3_skin5
xmodel,c_t7_mp_technomancer_mpc_head3_skin6
xmodel,c_t7_mp_technomancer_mpc_head3_skin7
xmodel,c_t7_mp_technomancer_mpc_head3_skin8
xmodel,c_t7_mp_technomancer_mpc_head3_skin9
xmodel,c_t7_mp_technomancer_viewlegs1_skin1
xmodel,c_t7_mp_technomancer_viewlegs1_skin10
xmodel,c_t7_mp_technomancer_viewlegs1_skin11
xmodel,c_t7_mp_technomancer_viewlegs1_skin12
xmodel,c_t7_mp_technomancer_viewlegs1_skin13
xmodel,c_t7_mp_technomancer_viewlegs1_skin14
xmodel,c_t7_mp_technomancer_viewlegs1_skin15
xmodel,c_t7_mp_technomancer_viewlegs1_skin2
xmodel,c_t7_mp_technomancer_viewlegs1_skin3
xmodel,c_t7_mp_technomancer_viewlegs1_skin4
xmodel,c_t7_mp_technomancer_viewlegs1_skin5
xmodel,c_t7_mp_technomancer_viewlegs1_skin6
xmodel,c_t7_mp_technomancer_viewlegs1_skin7
xmodel,c_t7_mp_technomancer_viewlegs1_skin8
xmodel,c_t7_mp_technomancer_viewlegs1_skin9
xmodel,c_t7_mp_technomancer_viewlegs2_skin1
xmodel,c_t7_mp_technomancer_viewlegs2_skin10
xmodel,c_t7_mp_technomancer_viewlegs2_skin11
xmodel,c_t7_mp_technomancer_viewlegs2_skin12
xmodel,c_t7_mp_technomancer_viewlegs2_skin13
xmodel,c_t7_mp_technomancer_viewlegs2_skin14
xmodel,c_t7_mp_technomancer_viewlegs2_skin15
xmodel,c_t7_mp_technomancer_viewlegs2_skin2
xmodel,c_t7_mp_technomancer_viewlegs2_skin3
xmodel,c_t7_mp_technomancer_viewlegs2_skin4
xmodel,c_t7_mp_technomancer_viewlegs2_skin5
xmodel,c_t7_mp_technomancer_viewlegs2_skin6
xmodel,c_t7_mp_technomancer_viewlegs2_skin7
xmodel,c_t7_mp_technomancer_viewlegs2_skin8
xmodel,c_t7_mp_technomancer_viewlegs2_skin9
xmodel,c_t7_mp_technomancer_viewlegs3_skin1
xmodel,c_t7_mp_technomancer_viewlegs3_skin10
xmodel,c_t7_mp_technomancer_viewlegs3_skin11
xmodel,c_t7_mp_technomancer_viewlegs3_skin12
xmodel,c_t7_mp_technomancer_viewlegs3_skin13
xmodel,c_t7_mp_technomancer_viewlegs3_skin14
xmodel,c_t7_mp_technomancer_viewlegs3_skin15
xmodel,c_t7_mp_technomancer_viewlegs3_skin2
xmodel,c_t7_mp_technomancer_viewlegs3_skin3
xmodel,c_t7_mp_technomancer_viewlegs3_skin4
xmodel,c_t7_mp_technomancer_viewlegs3_skin5
xmodel,c_t7_mp_technomancer_viewlegs3_skin6
xmodel,c_t7_mp_technomancer_viewlegs3_skin7
xmodel,c_t7_mp_technomancer_viewlegs3_skin8
xmodel,c_t7_mp_technomancer_viewlegs3_skin9
xmodel,c_t7_mp_warrior_mpc_body1_skin1
xmodel,c_t7_mp_warrior_mpc_body1_skin10
xmodel,c_t7_mp_warrior_mpc_body1_skin11
xmodel,c_t7_mp_warrior_mpc_body1_skin12
xmodel,c_t7_mp_warrior_mpc_body1_skin13
xmodel,c_t7_mp_warrior_mpc_body1_skin14
xmodel,c_t7_mp_warrior_mpc_body1_skin15
xmodel,c_t7_mp_warrior_mpc_body1_skin2
xmodel,c_t7_mp_warrior_mpc_body1_skin3
xmodel,c_t7_mp_warrior_mpc_body1_skin4
xmodel,c_t7_mp_warrior_mpc_body1_skin5
xmodel,c_t7_mp_warrior_mpc_body1_skin6
xmodel,c_t7_mp_warrior_mpc_body1_skin7
xmodel,c_t7_mp_warrior_mpc_body1_skin8
xmodel,c_t7_mp_warrior_mpc_body1_skin9
xmodel,c_t7_mp_warrior_mpc_body2_skin1
xmodel,c_t7_mp_warrior_mpc_body2_skin10
xmodel,c_t7_mp_warrior_mpc_body2_skin11
xmodel,c_t7_mp_warrior_mpc_body2_skin12
xmodel,c_t7_mp_warrior_mpc_body2_skin13
xmodel,c_t7_mp_warrior_mpc_body2_skin14
xmodel,c_t7_mp_warrior_mpc_body2_skin2
xmodel,c_t7_mp_warrior_mpc_body2_skin3
xmodel,c_t7_mp_warrior_mpc_body2_skin4
xmodel,c_t7_mp_warrior_mpc_body2_skin5
xmodel,c_t7_mp_warrior_mpc_body2_skin6
xmodel,c_t7_mp_warrior_mpc_body2_skin7
xmodel,c_t7_mp_warrior_mpc_body2_skin8
xmodel,c_t7_mp_warrior_mpc_body2_skin9
xmodel,c_t7_mp_warrior_mpc_body3_skin1
xmodel,c_t7_mp_warrior_mpc_body3_skin2
xmodel,c_t7_mp_warrior_mpc_body3_skin3
xmodel,c_t7_mp_warrior_mpc_body3_skin4
xmodel,c_t7_mp_warrior_mpc_body3_skin5
xmodel,c_t7_mp_warrior_mpc_body3_skin6
xmodel,c_t7_mp_warrior_mpc_body3_skin7
xmodel,c_t7_mp_warrior_mpc_body3_skin8
xmodel,c_t7_mp_warrior_mpc_fb1_skin1
xmodel,c_t7_mp_warrior_mpc_head1_skin1
xmodel,c_t7_mp_warrior_mpc_head1_skin2
xmodel,c_t7_mp_warrior_mpc_head1_skin3
xmodel,c_t7_mp_warrior_mpc_head1_skin4
xmodel,c_t7_mp_warrior_mpc_head1_skin5
xmodel,c_t7_mp_warrior_mpc_head1_skin6
xmodel,c_t7_mp_warrior_mpc_head1_skin7
xmodel,c_t7_mp_warrior_mpc_head1_skin8
xmodel,c_t7_mp_warrior_mpc_head2_skin1
xmodel,c_t7_mp_warrior_mpc_head2_skin2
xmodel,c_t7_mp_warrior_mpc_head2_skin3
xmodel,c_t7_mp_warrior_mpc_head2_skin4
xmodel,c_t7_mp_warrior_mpc_head2_skin5
xmodel,c_t7_mp_warrior_mpc_head2_skin6
xmodel,c_t7_mp_warrior_mpc_head3_skin1
xmodel,c_t7_mp_warrior_mpc_head3_skin2
xmodel,c_t7_mp_warrior_mpc_head3_skin3
xmodel,c_t7_mp_warrior_mpc_head3_skin4
xmodel,c_t7_mp_warrior_mpc_head3_skin5
xmodel,c_t7_mp_warrior_mpc_head3_skin6
xmodel,c_t7_mp_warrior_mpc_head4_skin1
xmodel,c_t7_mp_warrior_mpc_head4_skin2
xmodel,c_t7_mp_warrior_mpc_head4_skin3
xmodel,c_t7_mp_warrior_mpc_head4_skin4
xmodel,c_t7_mp_warrior_mpc_head4_skin5
xmodel,c_t7_mp_warrior_mpc_head4_skin6
xmodel,c_t7_mp_warrior_mpc_head4_skin7
xmodel,c_t7_mp_warrior_mpc_head4_skin8
xmodel,c_t7_mp_warrior_viewlegs1_skin1
xmodel,c_t7_mp_warrior_viewlegs1_skin10
xmodel,c_t7_mp_warrior_viewlegs1_skin11
xmodel,c_t7_mp_warrior_viewlegs1_skin12
xmodel,c_t7_mp_warrior_viewlegs1_skin13
xmodel,c_t7_mp_warrior_viewlegs1_skin14
xmodel,c_t7_mp_warrior_viewlegs1_skin15
xmodel,c_t7_mp_warrior_viewlegs1_skin2
xmodel,c_t7_mp_warrior_viewlegs1_skin3
xmodel,c_t7_mp_warrior_viewlegs1_skin4
xmodel,c_t7_mp_warrior_viewlegs1_skin5
xmodel,c_t7_mp_warrior_viewlegs1_skin6
xmodel,c_t7_mp_warrior_viewlegs1_skin7
xmodel,c_t7_mp_warrior_viewlegs1_skin8
xmodel,c_t7_mp_warrior_viewlegs1_skin9
xmodel,c_t7_mp_warrior_viewlegs2_skin1
xmodel,c_t7_mp_warrior_viewlegs2_skin10
xmodel,c_t7_mp_warrior_viewlegs2_skin11
xmodel,c_t7_mp_warrior_viewlegs2_skin12
xmodel,c_t7_mp_warrior_viewlegs2_skin13
xmodel,c_t7_mp_warrior_viewlegs2_skin14
xmodel,c_t7_mp_warrior_viewlegs2_skin2
xmodel,c_t7_mp_warrior_viewlegs2_skin3
xmodel,c_t7_mp_warrior_viewlegs2_skin4
xmodel,c_t7_mp_warrior_viewlegs2_skin5
xmodel,c_t7_mp_warrior_viewlegs2_skin6
xmodel,c_t7_mp_warrior_viewlegs2_skin7
xmodel,c_t7_mp_warrior_viewlegs2_skin8
xmodel,c_t7_mp_warrior_viewlegs2_skin9
xmodel,c_t7_mp_warrior_viewlegs3_skin1
xmodel,c_t7_mp_warrior_viewlegs3_skin2
xmodel,c_t7_mp_warrior_viewlegs3_skin3
xmodel,c_t7_mp_warrior_viewlegs3_skin4
xmodel,c_t7_mp_warrior_viewlegs3_skin5
xmodel,c_t7_mp_warrior_viewlegs3_skin6
xmodel,c_t7_mp_warrior_viewlegs3_skin7
xmodel,c_t7_mp_warrior_viewlegs3_skin8
xmodel,c_t7_zm_dlchd_moon_pressuresuit_dempsey_mpc
xmodel,c_t7_zm_dlchd_moon_pressuresuit_dempsey_viewhands
xmodel,c_t7_zm_dlchd_moon_pressuresuit_dempsey_viewlegs
xmodel,c_t7_zm_dlchd_moon_pressuresuit_nikolai_mpc
xmodel,c_t7_zm_dlchd_moon_pressuresuit_nikolai_viewhands
xmodel,c_t7_zm_dlchd_moon_pressuresuit_nikolai_viewlegs
xmodel,c_t7_zm_dlchd_moon_pressuresuit_richtofen_mpc
xmodel,c_t7_zm_dlchd_moon_pressuresuit_richtofen_viewhands
xmodel,c_t7_zm_dlchd_moon_pressuresuit_richtofen_viewlegs
xmodel,c_t7_zm_dlchd_moon_pressuresuit_takeo_mpc
xmodel,c_t7_zm_dlchd_moon_pressuresuit_takeo_viewhands
xmodel,c_t7_zm_dlchd_moon_pressuresuit_takeo_viewlegs
xmodel,c_t7_zm_dlchd_nikolai_waw_mpc_fb
xmodel,c_t7_zm_dlchd_nikolai_waw_viewhands
xmodel,c_t7_zm_dlchd_nikolai_waw_viewlegs
xmodel,c_t7_zm_dlchd_richtofen_waw_mpc_fb
xmodel,c_t7_zm_dlchd_richtofen_waw_viewhands
xmodel,c_t7_zm_dlchd_richtofen_waw_viewlegs
xmodel,c_t7_zm_dlchd_takeo_waw_viewhands
xmodel,c_t7_zm_dlchd_takeo_waw_viewlegs
xmodel,c_t7_zm_dlchd_waw_dempsey_mpc_fb
xmodel,c_t7_zm_dlchd_waw_takeo_mpc_fb
xmodel,c_zom_der_dempsey_cin_fb
xmodel,c_zom_der_dempsey_mpc_fb
xmodel,c_zom_der_dempsey_viewbody
xmodel,c_zom_der_dempsey_viewhands
xmodel,c_zom_der_dempsey_viewlegs
xmodel,c_zom_der_nikolai_cin_fb
xmodel,c_zom_der_nikolai_mpc_fb
xmodel,c_zom_der_nikolai_viewbody
xmodel,c_zom_der_nikolai_viewhands
xmodel,c_zom_der_nikolai_viewlegs
xmodel,c_zom_der_richtofen_cin_fb
xmodel,c_zom_der_richtofen_mpc_fb
xmodel,c_zom_der_richtofen_viewbody
xmodel,c_zom_der_richtofen_viewhands
xmodel,c_zom_der_richtofen_viewlegs
xmodel,c_zom_der_takeo_cin_fb
xmodel,c_zom_der_takeo_mpc_fb
xmodel,c_zom_der_takeo_viewbody
xmodel,c_zom_der_takeo_viewhands
xmodel,c_zom_der_takeo_viewlegs
xmodel,c_zom_dlc3_dempsey_cin_fb
xmodel,c_zom_dlc3_dempsey_mpc_fb
xmodel,c_zom_dlc3_nikolai_cin_fb
xmodel,c_zom_dlc3_nikolai_mpc_fb
xmodel,c_zom_dlc3_nikolai_mpc_fb_nohat
xmodel,c_zom_dlc3_richtofen_cin_fb
xmodel,c_zom_dlc3_takeo_cin_fb
xmodel,c_zom_dlc3_takeo_mpc_fb
xmodel,c_zom_dlc3_takeo_mpc_fb_nohat
xmodel,c_zom_dlc_dempsey_cin_fb
xmodel,c_zom_dlc_nikolai_cin_fb
xmodel,c_zom_dlc_richtofen_cin_fb
xmodel,c_zom_dlc_takeo_cin_fb
xmodel,c_zom_dlc_waw_dempsey_body
xmodel,c_zom_dlc_waw_dempsey_head
xmodel,c_zom_dlc_waw_dempsey_mpc_body
xmodel,c_zom_dlc_waw_nikolai_fb
xmodel,c_zom_dlc_waw_takeo_nohat_fb
xmodel,c_zom_zod_boxer_mpc_fb
xmodel,c_zom_zod_boxer_viewbody
xmodel,c_zom_zod_boxer_viewhands
xmodel,c_zom_zod_boxer_viewlegs
xmodel,c_zom_zod_detective_mpc_fb
xmodel,c_zom_zod_detective_viewbody
xmodel,c_zom_zod_detective_viewhands
xmodel,c_zom_zod_detective_viewlegs
xmodel,c_zom_zod_femme_mpc_fb
xmodel,c_zom_zod_femme_viewbody
xmodel,c_zom_zod_femme_viewhands
xmodel,c_zom_zod_femme_viewlegs
xmodel,c_zom_zod_magician_mpc_fb
xmodel,c_zom_zod_magician_viewbody
xmodel,c_zom_zod_magician_viewhands
xmodel,c_zom_zod_magician_viewlegs
xmodel,p7_hro_hendricks_mic_fb
xmodelmesh,tag_origin_animatec354447e
xmodelmesh,xmodel_blanc2f308784
xmodelmesh,xmodel_blanc_body74f0eaf8
xmodelmesh,xmodel_blanc_body_sp74cd09a7
xmodelmesh,xmodel_blanc_bodye91829d2
xmodelmesh,xmodel_blanc_head2b1d7cc0
xmodelmesh,xmodel_blanc_sp475e9e77
xmodelmesh,xmodel_blanc_ultra_body370eb09b
xmodelmesh,xmodel_blanc_ultra_headcd2fe25d
xmodelmesh,xmodel_blanc_viewhands27e07116
xmodelmesh,xmodel_blanc_viewlegs6cf0ff3a
xmodelmesh,xmodel_if_100a4a27054
xmodelmesh,xmodel_if_body_10085077393
xmodelmesh,xmodel_if_head_1006ee85a7a
xmodelmesh,xmodel_if_sp34706889
xmodelmesh,xmodel_if_viewlegse1e4d6eb
xmodelmesh,xmodel_kurome860ad9f8
xmodelmesh,xmodel_kurome8f0943c6
xmodelmesh,xmodel_kurome_body6b4cebf4
xmodelmesh,xmodel_kurome_head7e17f60
xmodelmesh,xmodel_nepgear2b95ff27
xmodelmesh,xmodel_nepgear59fca330
xmodelmesh,xmodel_nepgear_body6759872d
xmodelmesh,xmodel_nepgear_bodyc16c84e1
xmodelmesh,xmodel_nepgear_g_barmsoff69ec759c
xmodelmesh,xmodel_nepgear_g_larmoff8dcde0c9
xmodelmesh,xmodel_nepgear_g_larmspawn7bfd3314
xmodelmesh,xmodel_nepgear_g_rarmspawnea9f85c2
xmodelmesh,xmodel_nepgear_headebf9fc76
xmodelmesh,xmodel_nepgear_sp46ea6720
xmodelmesh,xmodel_nepgear_viewhandseccec43b
xmodelmesh,xmodel_nepgear_viewlegsa2faab8e
xmodelmesh,xmodel_neptune_body_sp96e51d87
xmodelmesh,xmodel_neptune_bodybb581623
xmodelmesh,xmodel_neptune_bodyf457ce74
xmodelmesh,xmodel_neptune_headbcb89a56
xmodelmesh,xmodel_neptune_spfdb98af1
xmodelmesh,xmodel_neptune_ultra_body3bb3391f
xmodelmesh,xmodel_neptune_ultra_headb6319767
xmodelmesh,xmodel_neptune_ultra_spa662c026
xmodelmesh,xmodel_neptune_viewhandsfa9c525d
xmodelmesh,xmodel_neptune_viewlegsdfb919c4
xmodelmesh,xmodel_neptunef5398407
xmodelmesh,xmodel_noire_body437fb74c
xmodelmesh,xmodel_noire_body8b86b6b4
xmodelmesh,xmodel_noire_body_sp79e501e9
xmodelmesh,xmodel_noire_heade78639d1
xmodelmesh,xmodel_noire_spf1abc3c7
xmodelmesh,xmodel_noire_viewhands4cfb66b1
xmodelmesh,xmodel_noire_viewlegs5576cb36
xmodelmesh,xmodel_noirefdcae7a7
xmodelmesh,xmodel_ram522d3bc9
xmodelmesh,xmodel_ram_body414b84ca
xmodelmesh,xmodel_ram_body_spffe70904
xmodelmesh,xmodel_ram_bodyf2adfc11
xmodelmesh,xmodel_ram_head2772915d
xmodelmesh,xmodel_ram_spd9db39de
xmodelmesh,xmodel_rom10111ce7
xmodelmesh,xmodel_rom247687ca
xmodelmesh,xmodel_rom_body9dd7da7f
xmodelmesh,xmodel_rom_body_spb9387e47
xmodelmesh,xmodel_rom_bodya37fd8ab
xmodelmesh,xmodel_rom_headfeae423d
xmodelmesh,xmodel_rom_sp3146844a
xmodelmesh,xmodel_rom_viewhandsb5e12717
xmodelmesh,xmodel_rom_viewlegsefd2fbd3
xmodelmesh,xmodel_uni_body7f7c4c39
xmodelmesh,xmodel_uni_body_spfe1861df
xmodelmesh,xmodel_uni_bodyd148c761
xmodelmesh,xmodel_uni_head4e81d656
xmodelmesh,xmodel_uni_spf08594ba
xmodelmesh,xmodel_uni_viewlegsa7941a44
xmodelmesh,xmodel_unif8c16d38
xmodelmesh,xmodel_vert_body28b54e2a
xmodelmesh,xmodel_vert_body_sp6d81f743
xmodelmesh,xmodel_vert_heada9a4f068
xmodelmesh,xmodel_vert_spb9d8a480
xmodelmesh,xmodel_vert_viewlegs6f3dabe7
xmodelmesh,xmodel_vertfacdc981
material,mc/blanc_acc00_tex
material,mc/blanc_body00_tex
material,mc/blanc_body00_tex_skin
material,mc/blanc_face00_tex
material,mc/blanc_face01_tex
material,mc/blanc_hair00_tex
material,mc/blanc_ultra_acc
material,mc/blanc_ultra_body
material,mc/blanc_ultra_face
material,mc/global_black
material,mc/if_acce
material,mc/if_body
material,mc/if_face
material,mc/if_hair
material,mc/kurome_acce
material,mc/kurome_body
material,mc/kurome_face3
material,mc/kurome_hair3
material,mc/nepgear_acc00_tex
material,mc/nepgear_body00_tex
material,mc/nepgear_body00_tex_skin
material,mc/nepgear_face00_tex
material,mc/nepgear_face01_tex
material,mc/nepgear_hair00_tex
material,mc/neptune_acc00_tex
material,mc/neptune_body00_tex
material,mc/neptune_body00_tex_skin
material,mc/neptune_body00_tex_socks
material,mc/neptune_face00_tex
material,mc/neptune_face01_tex
material,mc/neptune_hair00_tex
material,mc/neptune_ultra_acce
material,mc/neptune_ultra_body
material,mc/neptune_ultra_hair
material,mc/noire_acc00_tex
material,mc/noire_body00_tex
material,mc/noire_body00_tex_skin
material,mc/noire_face00_tex
material,mc/noire_face01_tex
material,mc/noire_hair00_tex
material,mc/ram_acc00_tex
material,mc/ram_body00_tex
material,mc/ram_body00_tex_skin
material,mc/ram_face00_tex
material,mc/ram_face01_tex
material,mc/ram_hair00_tex
material,mc/rom_acc00_tex
material,mc/rom_body00_tex
material,mc/rom_body00_tex_skin
material,mc/rom_face00_tex
material,mc/rom_face01_tex
material,mc/rom_hair00_tex
material,mc/uni_acc00_tex
material,mc/uni_body00_tex
material,mc/uni_body00_tex_skin
material,mc/uni_face00_tex
material,mc/uni_face01_tex
material,mc/uni_hair00_tex
material,mc/vert_acc00_tex
material,mc/vert_body00_tex
material,mc/vert_body00_tex_skin
material,mc/vert_face00_tex
material,mc/vert_face01_tex
material,mc/vert_hair00_tex
techset,mc/lit#e6142445
techset,mc/lit_cc#e6142445
techset,mc/lit_emissive#e6142445
techset,mc/lit_nocull_plus_cc#e6142445
techset,mc/lit_plus_cc#e6142445
techset,mc/skin#e6142445
image,$black
image,$camo_base_gloss
image,$camo_base_mask
image,$camo_base_normal
image,$color_black_40
image,$gloss
image,$gray_32_one_channel
image,$identitynormalmap
image,$white_ao
image,$white_thickness
image,i_blanc_acc00_tex_c
image,i_blanc_acc00_tex_g
image,i_blanc_acc00_tex_n
image,i_blanc_body00_tex_c
image,i_blanc_body00_tex_g
image,i_blanc_body00_tex_n
image,i_blanc_face00_tex_c
image,i_blanc_face01_tex_c
image,i_blanc_hair00_tex_c
image,i_blanc_ultra_acc_c
image,i_blanc_ultra_body_c
image,i_blanc_ultra_body_g
image,i_blanc_ultra_face_c
image,i_if_acce_c
image,i_if_body_c
image,i_if_face_c
image,i_if_hair_c
image,i_kurome_acce_c
image,i_kurome_body_c
image,i_kurome_face3_c
image,i_kurome_hair3_c
image,i_nepgear_body00_tex_c
image,i_nepgear_body00_tex_g
image,i_nepgear_body00_tex_n
image,i_nepgear_face00_tex_c
image,i_nepgear_face01_tex_c
image,i_nepgear_hair00_tex_c
image,i_neptune_acc00_tex_c
image,i_neptune_acc00_tex_g
image,i_neptune_acc00_tex_n
image,i_neptune_body00_tex_c
image,i_neptune_body00_tex_g
image,i_neptune_body00_tex_n
image,i_neptune_face00_tex_c
image,i_neptune_face00_tex_g
image,i_neptune_face00_tex_n
image,i_neptune_face01_tex_c
image,i_neptune_hair00_tex_c
image,i_neptune_hair00_tex_g
image,i_neptune_ultra_acce_c
image,i_neptune_ultra_body_c
image,i_neptune_ultra_hair_c
image,i_noire_acc00_tex_c
image,i_noire_acc00_tex_g
image,i_noire_acc00_tex_n
image,i_noire_body00_tex_c
image,i_noire_body00_tex_g
image,i_noire_body00_tex_n
image,i_noire_face00_tex_c
image,i_noire_face01_tex_c
image,i_noire_hair00_tex_c
image,i_ram_acc00_tex_c
image,i_ram_acc00_tex_g
image,i_ram_acc00_tex_n
image,i_ram_body00_tex_c
image,i_ram_hair00_tex_c
image,i_rom_acc00_tex_c
image,i_rom_acc00_tex_g
image,i_rom_acc00_tex_n
image,i_rom_body00_tex_c
image,i_rom_body00_tex_g
image,i_rom_body00_tex_n
image,i_rom_face00_tex_c
image,i_rom_face01_tex_c
image,i_rom_hair00_tex_c
image,i_uni_acc00_tex_c
image,i_uni_acc00_tex_g
image,i_uni_acc00_tex_n
image,i_uni_body00_tex_c
image,i_uni_body00_tex_g
image,i_uni_body00_tex_n
image,i_uni_face00_tex_c
image,i_uni_face01_tex_c
image,i_uni_hair00_tex_c
image,i_vert_acc00_tex_c
image,i_vert_acc00_tex_g
image,i_vert_acc00_tex_n
image,i_vert_body00_tex_c
image,i_vert_body00_tex_g
image,i_vert_body00_tex_n
image,i_vert_face00_tex_c
image,i_vert_face01_tex_c
image,i_vert_hair00_tex_c
rawfile,cp_mod.cfg
rawfile,mod.cfg
rawfile,mp_mod.cfg
rawfile,zm_mod.cfg
keyvaluepairs,core_mod
