xmodel,c_hro_player_female_aquifer_viewbody
xmodel,c_hro_player_female_aquifer_viewhands
xmodel,c_hro_player_female_aquifer_viewlegs
xmodel,c_hro_player_female_armsdealer_viewbody
xmodel,c_hro_player_female_armsdealer_viewhands
xmodel,c_hro_player_female_armsdealer_viewlegs
xmodel,c_hro_player_female_blackstation_viewbody
xmodel,c_hro_player_female_blackstation_viewhands
xmodel,c_hro_player_female_blackstation_viewlegs
xmodel,c_hro_player_female_egypt_viewbody
xmodel,c_hro_player_female_egypt_viewhands
xmodel,c_hro_player_female_egypt_viewlegs
xmodel,c_hro_player_female_endgame_viewbody
xmodel,c_hro_player_female_endgame_viewhands
xmodel,c_hro_player_female_endgame_viewlegs
xmodel,c_hro_player_female_infection_viewbody
xmodel,c_hro_player_female_infection_viewhands
xmodel,c_hro_player_female_infection_viewlegs
xmodel,c_hro_player_female_lotustowers_viewbody
xmodel,c_hro_player_female_lotustowers_viewhands
xmodel,c_hro_player_female_lotustowers_viewlegs
xmodel,c_hro_player_female_newworld_viewbody
xmodel,c_hro_player_female_newworld_viewhands
xmodel,c_hro_player_female_newworld_viewlegs
xmodel,c_hro_player_female_prologue_viewbody
xmodel,c_hro_player_female_prologue_viewhands
xmodel,c_hro_player_female_prologue_viewlegs
xmodel,c_hro_player_female_ramses_viewbody
xmodel,c_hro_player_female_ramses_viewhands
xmodel,c_hro_player_female_ramses_viewlegs
xmodel,c_hro_player_female_sgen_viewbody
xmodel,c_hro_player_female_sgen_viewhands
xmodel,c_hro_player_female_sgen_viewlegs
xmodel,c_hro_player_female_undercover_viewbody
xmodel,c_hro_player_female_undercover_viewhands
xmodel,c_hro_player_female_undercover_viewlegs
xmodel,c_hro_player_female_vengance_viewbody
xmodel,c_hro_player_female_vengance_viewhands
xmodel,c_hro_player_female_vengance_viewlegs
xmodel,c_hro_player_female_zurich_viewbody
xmodel,c_hro_player_female_zurich_viewhands
xmodel,c_hro_player_female_zurich_viewlegs
xmodel,c_hro_player_male_aquifer_viewbody
xmodel,c_hro_player_male_aquifer_viewhands
xmodel,c_hro_player_male_aquifer_viewlegs
xmodel,c_hro_player_male_armsdealer_viewbody
xmodel,c_hro_player_male_armsdealer_viewhands
xmodel,c_hro_player_male_armsdealer_viewlegs
xmodel,c_hro_player_male_blackstation_viewbody
xmodel,c_hro_player_male_blackstation_viewhands
xmodel,c_hro_player_male_blackstation_viewlegs
xmodel,c_hro_player_male_egypt_viewbody
xmodel,c_hro_player_male_egypt_viewhands
xmodel,c_hro_player_male_egypt_viewlegs
xmodel,c_hro_player_male_endgame_viewbody
xmodel,c_hro_player_male_endgame_viewhands
xmodel,c_hro_player_male_endgame_viewlegs
xmodel,c_hro_player_male_infection_viewbody
xmodel,c_hro_player_male_infection_viewhands
xmodel,c_hro_player_male_infection_viewlegs
xmodel,c_hro_player_male_lotustowers_viewbody
xmodel,c_hro_player_male_lotustowers_viewhands
xmodel,c_hro_player_male_lotustowers_viewlegs
xmodel,c_hro_player_male_newworld_viewbody
xmodel,c_hro_player_male_newworld_viewhands
xmodel,c_hro_player_male_newworld_viewlegs
xmodel,c_hro_player_male_prologue_viewbody
xmodel,c_hro_player_male_prologue_viewhands
xmodel,c_hro_player_male_prologue_viewlegs
xmodel,c_hro_player_male_ramses_viewbody
xmodel,c_hro_player_male_ramses_viewhands
xmodel,c_hro_player_male_ramses_viewlegs
xmodel,c_hro_player_male_sgen_viewbody
xmodel,c_hro_player_male_sgen_viewhands
xmodel,c_hro_player_male_sgen_viewlegs
xmodel,c_hro_player_male_undercover_viewbody
xmodel,c_hro_player_male_undercover_viewhands
xmodel,c_hro_player_male_undercover_viewlegs
xmodel,c_hro_player_male_vengance_viewbody
xmodel,c_hro_player_male_vengance_viewhands
xmodel,c_hro_player_male_vengance_viewlegs
xmodel,c_hro_player_male_zurich_viewbody
xmodel,c_hro_player_male_zurich_viewhands
xmodel,c_hro_player_male_zurich_viewlegs
xmodel,c_hro_rachel_egypt_scarf
xmodel,c_nrc_assault_female_prologue_viewarms
xmodel,c_nrc_assault_female_prologue_viewbody
xmodel,c_nrc_assault_prologue_viewarms
xmodel,c_nrc_assault_prologue_viewbody
xmodel,c_nrc_assault_prologue_viewbody_g_barmsoff
xmodel,c_nrc_assault_prologue_viewbody_g_larmoff
xmodel,c_nrc_assault_prologue_viewbody_g_larmspawn
xmodel,c_nrc_assault_prologue_viewbody_g_rarmspawn
xmodel,p7_hro_hendricks_mic_fb
xmodelmesh,tag_origin_animatec354447e
xmodelmesh,xmodel_nepgear_body6759872d
xmodelmesh,xmodel_nepgear_g_barmsoff69ec759c
xmodelmesh,xmodel_nepgear_g_larmoff8dcde0c9
xmodelmesh,xmodel_nepgear_g_larmspawn7bfd3314
xmodelmesh,xmodel_nepgear_g_rarmspawnea9f85c2
xmodelmesh,xmodel_nepgear_viewhandseccec43b
xmodelmesh,xmodel_nepgear_viewlegsa2faab8e
material,mc/global_black
material,mc/nepgear_body00_tex
material,mc/nepgear_body00_tex_skin
techset,mc/lit#e6142445
techset,mc/lit_nocull_plus_cc#e6142445
techset,mc/skin#e6142445
image,$black
image,$color_black_40
image,$gray_32_one_channel
image,$identitynormalmap
image,$white_ao
image,$white_thickness
image,i_nepgear_body00_tex_c
image,i_nepgear_body00_tex_g
image,i_nepgear_body00_tex_n
rawfile,dummy.cfg
keyvaluepairs,cp_mod
