xmodel,c_t7_mp_assassin_viewarms1_skin1
xmodel,c_t7_mp_assassin_viewarms1_skin10
xmodel,c_t7_mp_assassin_viewarms1_skin11
xmodel,c_t7_mp_assassin_viewarms1_skin12
xmodel,c_t7_mp_assassin_viewarms1_skin13
xmodel,c_t7_mp_assassin_viewarms1_skin14
xmodel,c_t7_mp_assassin_viewarms1_skin15
xmodel,c_t7_mp_assassin_viewarms1_skin2
xmodel,c_t7_mp_assassin_viewarms1_skin3
xmodel,c_t7_mp_assassin_viewarms1_skin4
xmodel,c_t7_mp_assassin_viewarms1_skin5
xmodel,c_t7_mp_assassin_viewarms1_skin6
xmodel,c_t7_mp_assassin_viewarms1_skin7
xmodel,c_t7_mp_assassin_viewarms1_skin8
xmodel,c_t7_mp_assassin_viewarms1_skin9
xmodel,c_t7_mp_assassin_viewarms2_skin1
xmodel,c_t7_mp_assassin_viewarms2_skin10
xmodel,c_t7_mp_assassin_viewarms2_skin11
xmodel,c_t7_mp_assassin_viewarms2_skin12
xmodel,c_t7_mp_assassin_viewarms2_skin13
xmodel,c_t7_mp_assassin_viewarms2_skin14
xmodel,c_t7_mp_assassin_viewarms2_skin15
xmodel,c_t7_mp_assassin_viewarms2_skin2
xmodel,c_t7_mp_assassin_viewarms2_skin3
xmodel,c_t7_mp_assassin_viewarms2_skin4
xmodel,c_t7_mp_assassin_viewarms2_skin5
xmodel,c_t7_mp_assassin_viewarms2_skin6
xmodel,c_t7_mp_assassin_viewarms2_skin7
xmodel,c_t7_mp_assassin_viewarms2_skin8
xmodel,c_t7_mp_assassin_viewarms2_skin9
xmodel,c_t7_mp_assassin_viewarms3_skin1
xmodel,c_t7_mp_assassin_viewarms3_skin10
xmodel,c_t7_mp_assassin_viewarms3_skin11
xmodel,c_t7_mp_assassin_viewarms3_skin12
xmodel,c_t7_mp_assassin_viewarms3_skin13
xmodel,c_t7_mp_assassin_viewarms3_skin14
xmodel,c_t7_mp_assassin_viewarms3_skin15
xmodel,c_t7_mp_assassin_viewarms3_skin2
xmodel,c_t7_mp_assassin_viewarms3_skin3
xmodel,c_t7_mp_assassin_viewarms3_skin4
xmodel,c_t7_mp_assassin_viewarms3_skin5
xmodel,c_t7_mp_assassin_viewarms3_skin6
xmodel,c_t7_mp_assassin_viewarms3_skin7
xmodel,c_t7_mp_assassin_viewarms3_skin8
xmodel,c_t7_mp_assassin_viewarms3_skin9
xmodel,c_t7_mp_assassin_viewlegs1_skin1
xmodel,c_t7_mp_assassin_viewlegs1_skin10
xmodel,c_t7_mp_assassin_viewlegs1_skin11
xmodel,c_t7_mp_assassin_viewlegs1_skin12
xmodel,c_t7_mp_assassin_viewlegs1_skin13
xmodel,c_t7_mp_assassin_viewlegs1_skin14
xmodel,c_t7_mp_assassin_viewlegs1_skin15
xmodel,c_t7_mp_assassin_viewlegs1_skin2
xmodel,c_t7_mp_assassin_viewlegs1_skin3
xmodel,c_t7_mp_assassin_viewlegs1_skin4
xmodel,c_t7_mp_assassin_viewlegs1_skin5
xmodel,c_t7_mp_assassin_viewlegs1_skin6
xmodel,c_t7_mp_assassin_viewlegs1_skin7
xmodel,c_t7_mp_assassin_viewlegs1_skin8
xmodel,c_t7_mp_assassin_viewlegs1_skin9
xmodel,c_t7_mp_assassin_viewlegs2_skin1
xmodel,c_t7_mp_assassin_viewlegs2_skin10
xmodel,c_t7_mp_assassin_viewlegs2_skin11
xmodel,c_t7_mp_assassin_viewlegs2_skin12
xmodel,c_t7_mp_assassin_viewlegs2_skin13
xmodel,c_t7_mp_assassin_viewlegs2_skin2
xmodel,c_t7_mp_assassin_viewlegs2_skin3
xmodel,c_t7_mp_assassin_viewlegs2_skin4
xmodel,c_t7_mp_assassin_viewlegs2_skin5
xmodel,c_t7_mp_assassin_viewlegs2_skin6
xmodel,c_t7_mp_assassin_viewlegs2_skin7
xmodel,c_t7_mp_assassin_viewlegs2_skin8
xmodel,c_t7_mp_assassin_viewlegs2_skin9
xmodel,c_t7_mp_assassin_viewlegs3_skin1
xmodel,c_t7_mp_assassin_viewlegs3_skin2
xmodel,c_t7_mp_assassin_viewlegs3_skin3
xmodel,c_t7_mp_assassin_viewlegs3_skin4
xmodel,c_t7_mp_assassin_viewlegs3_skin5
xmodel,c_t7_mp_assassin_viewlegs3_skin6
xmodel,c_t7_mp_assassin_viewlegs3_skin7
xmodel,c_t7_mp_assassin_viewlegs3_skin8
xmodel,c_t7_mp_battery_viewarms1_skin1
xmodel,c_t7_mp_battery_viewarms1_skin10
xmodel,c_t7_mp_battery_viewarms1_skin11
xmodel,c_t7_mp_battery_viewarms1_skin12
xmodel,c_t7_mp_battery_viewarms1_skin13
xmodel,c_t7_mp_battery_viewarms1_skin14
xmodel,c_t7_mp_battery_viewarms1_skin15
xmodel,c_t7_mp_battery_viewarms1_skin2
xmodel,c_t7_mp_battery_viewarms1_skin3
xmodel,c_t7_mp_battery_viewarms1_skin4
xmodel,c_t7_mp_battery_viewarms1_skin5
xmodel,c_t7_mp_battery_viewarms1_skin6
xmodel,c_t7_mp_battery_viewarms1_skin7
xmodel,c_t7_mp_battery_viewarms1_skin8
xmodel,c_t7_mp_battery_viewarms1_skin9
xmodel,c_t7_mp_battery_viewarms2_skin1
xmodel,c_t7_mp_battery_viewarms2_skin10
xmodel,c_t7_mp_battery_viewarms2_skin11
xmodel,c_t7_mp_battery_viewarms2_skin12
xmodel,c_t7_mp_battery_viewarms2_skin13
xmodel,c_t7_mp_battery_viewarms2_skin14
xmodel,c_t7_mp_battery_viewarms2_skin15
xmodel,c_t7_mp_battery_viewarms2_skin2
xmodel,c_t7_mp_battery_viewarms2_skin3
xmodel,c_t7_mp_battery_viewarms2_skin4
xmodel,c_t7_mp_battery_viewarms2_skin5
xmodel,c_t7_mp_battery_viewarms2_skin6
xmodel,c_t7_mp_battery_viewarms2_skin7
xmodel,c_t7_mp_battery_viewarms2_skin8
xmodel,c_t7_mp_battery_viewarms2_skin9
xmodel,c_t7_mp_battery_viewarms3_skin1
xmodel,c_t7_mp_battery_viewarms3_skin10
xmodel,c_t7_mp_battery_viewarms3_skin11
xmodel,c_t7_mp_battery_viewarms3_skin12
xmodel,c_t7_mp_battery_viewarms3_skin13
xmodel,c_t7_mp_battery_viewarms3_skin14
xmodel,c_t7_mp_battery_viewarms3_skin15
xmodel,c_t7_mp_battery_viewarms3_skin2
xmodel,c_t7_mp_battery_viewarms3_skin3
xmodel,c_t7_mp_battery_viewarms3_skin4
xmodel,c_t7_mp_battery_viewarms3_skin5
xmodel,c_t7_mp_battery_viewarms3_skin6
xmodel,c_t7_mp_battery_viewarms3_skin7
xmodel,c_t7_mp_battery_viewarms3_skin8
xmodel,c_t7_mp_battery_viewarms3_skin9
xmodel,c_t7_mp_battery_viewlegs1_skin1
xmodel,c_t7_mp_battery_viewlegs1_skin10
xmodel,c_t7_mp_battery_viewlegs1_skin11
xmodel,c_t7_mp_battery_viewlegs1_skin12
xmodel,c_t7_mp_battery_viewlegs1_skin13
xmodel,c_t7_mp_battery_viewlegs1_skin14
xmodel,c_t7_mp_battery_viewlegs1_skin15
xmodel,c_t7_mp_battery_viewlegs1_skin2
xmodel,c_t7_mp_battery_viewlegs1_skin3
xmodel,c_t7_mp_battery_viewlegs1_skin4
xmodel,c_t7_mp_battery_viewlegs1_skin5
xmodel,c_t7_mp_battery_viewlegs1_skin6
xmodel,c_t7_mp_battery_viewlegs1_skin7
xmodel,c_t7_mp_battery_viewlegs1_skin8
xmodel,c_t7_mp_battery_viewlegs1_skin9
xmodel,c_t7_mp_battery_viewlegs2_skin1
xmodel,c_t7_mp_battery_viewlegs2_skin10
xmodel,c_t7_mp_battery_viewlegs2_skin11
xmodel,c_t7_mp_battery_viewlegs2_skin12
xmodel,c_t7_mp_battery_viewlegs2_skin13
xmodel,c_t7_mp_battery_viewlegs2_skin14
xmodel,c_t7_mp_battery_viewlegs2_skin15
xmodel,c_t7_mp_battery_viewlegs2_skin2
xmodel,c_t7_mp_battery_viewlegs2_skin3
xmodel,c_t7_mp_battery_viewlegs2_skin4
xmodel,c_t7_mp_battery_viewlegs2_skin5
xmodel,c_t7_mp_battery_viewlegs2_skin6
xmodel,c_t7_mp_battery_viewlegs2_skin7
xmodel,c_t7_mp_battery_viewlegs2_skin8
xmodel,c_t7_mp_battery_viewlegs2_skin9
xmodel,c_t7_mp_battery_viewlegs3_skin1
xmodel,c_t7_mp_battery_viewlegs3_skin10
xmodel,c_t7_mp_battery_viewlegs3_skin11
xmodel,c_t7_mp_battery_viewlegs3_skin12
xmodel,c_t7_mp_battery_viewlegs3_skin13
xmodel,c_t7_mp_battery_viewlegs3_skin14
xmodel,c_t7_mp_battery_viewlegs3_skin15
xmodel,c_t7_mp_battery_viewlegs3_skin2
xmodel,c_t7_mp_battery_viewlegs3_skin3
xmodel,c_t7_mp_battery_viewlegs3_skin4
xmodel,c_t7_mp_battery_viewlegs3_skin5
xmodel,c_t7_mp_battery_viewlegs3_skin6
xmodel,c_t7_mp_battery_viewlegs3_skin7
xmodel,c_t7_mp_battery_viewlegs3_skin8
xmodel,c_t7_mp_battery_viewlegs3_skin9
xmodel,c_t7_mp_gunslinger_viewarms1_skin1
xmodel,c_t7_mp_gunslinger_viewarms1_skin10
xmodel,c_t7_mp_gunslinger_viewarms1_skin11
xmodel,c_t7_mp_gunslinger_viewarms1_skin12
xmodel,c_t7_mp_gunslinger_viewarms1_skin13
xmodel,c_t7_mp_gunslinger_viewarms1_skin14
xmodel,c_t7_mp_gunslinger_viewarms1_skin15
xmodel,c_t7_mp_gunslinger_viewarms1_skin2
xmodel,c_t7_mp_gunslinger_viewarms1_skin3
xmodel,c_t7_mp_gunslinger_viewarms1_skin4
xmodel,c_t7_mp_gunslinger_viewarms1_skin5
xmodel,c_t7_mp_gunslinger_viewarms1_skin6
xmodel,c_t7_mp_gunslinger_viewarms1_skin7
xmodel,c_t7_mp_gunslinger_viewarms1_skin8
xmodel,c_t7_mp_gunslinger_viewarms1_skin9
xmodel,c_t7_mp_gunslinger_viewarms2_skin1
xmodel,c_t7_mp_gunslinger_viewarms2_skin10
xmodel,c_t7_mp_gunslinger_viewarms2_skin11
xmodel,c_t7_mp_gunslinger_viewarms2_skin12
xmodel,c_t7_mp_gunslinger_viewarms2_skin13
xmodel,c_t7_mp_gunslinger_viewarms2_skin2
xmodel,c_t7_mp_gunslinger_viewarms2_skin3
xmodel,c_t7_mp_gunslinger_viewarms2_skin4
xmodel,c_t7_mp_gunslinger_viewarms2_skin5
xmodel,c_t7_mp_gunslinger_viewarms2_skin6
xmodel,c_t7_mp_gunslinger_viewarms2_skin7
xmodel,c_t7_mp_gunslinger_viewarms2_skin8
xmodel,c_t7_mp_gunslinger_viewarms2_skin9
xmodel,c_t7_mp_gunslinger_viewarms3_skin1
xmodel,c_t7_mp_gunslinger_viewarms3_skin2
xmodel,c_t7_mp_gunslinger_viewarms3_skin3
xmodel,c_t7_mp_gunslinger_viewarms3_skin4
xmodel,c_t7_mp_gunslinger_viewarms3_skin5
xmodel,c_t7_mp_gunslinger_viewarms3_skin6
xmodel,c_t7_mp_gunslinger_viewarms3_skin7
xmodel,c_t7_mp_gunslinger_viewarms3_skin8
xmodel,c_t7_mp_gunslinger_viewlegs1_skin1
xmodel,c_t7_mp_gunslinger_viewlegs1_skin10
xmodel,c_t7_mp_gunslinger_viewlegs1_skin11
xmodel,c_t7_mp_gunslinger_viewlegs1_skin12
xmodel,c_t7_mp_gunslinger_viewlegs1_skin13
xmodel,c_t7_mp_gunslinger_viewlegs1_skin14
xmodel,c_t7_mp_gunslinger_viewlegs1_skin15
xmodel,c_t7_mp_gunslinger_viewlegs1_skin2
xmodel,c_t7_mp_gunslinger_viewlegs1_skin3
xmodel,c_t7_mp_gunslinger_viewlegs1_skin4
xmodel,c_t7_mp_gunslinger_viewlegs1_skin5
xmodel,c_t7_mp_gunslinger_viewlegs1_skin6
xmodel,c_t7_mp_gunslinger_viewlegs1_skin7
xmodel,c_t7_mp_gunslinger_viewlegs1_skin8
xmodel,c_t7_mp_gunslinger_viewlegs1_skin9
xmodel,c_t7_mp_gunslinger_viewlegs2_skin1
xmodel,c_t7_mp_gunslinger_viewlegs2_skin10
xmodel,c_t7_mp_gunslinger_viewlegs2_skin11
xmodel,c_t7_mp_gunslinger_viewlegs2_skin12
xmodel,c_t7_mp_gunslinger_viewlegs2_skin13
xmodel,c_t7_mp_gunslinger_viewlegs2_skin2
xmodel,c_t7_mp_gunslinger_viewlegs2_skin3
xmodel,c_t7_mp_gunslinger_viewlegs2_skin4
xmodel,c_t7_mp_gunslinger_viewlegs2_skin5
xmodel,c_t7_mp_gunslinger_viewlegs2_skin6
xmodel,c_t7_mp_gunslinger_viewlegs2_skin7
xmodel,c_t7_mp_gunslinger_viewlegs2_skin8
xmodel,c_t7_mp_gunslinger_viewlegs2_skin9
xmodel,c_t7_mp_gunslinger_viewlegs3_skin1
xmodel,c_t7_mp_gunslinger_viewlegs3_skin2
xmodel,c_t7_mp_gunslinger_viewlegs3_skin3
xmodel,c_t7_mp_gunslinger_viewlegs3_skin4
xmodel,c_t7_mp_gunslinger_viewlegs3_skin5
xmodel,c_t7_mp_gunslinger_viewlegs3_skin6
xmodel,c_t7_mp_gunslinger_viewlegs3_skin7
xmodel,c_t7_mp_gunslinger_viewlegs3_skin8
xmodel,c_t7_mp_hunter_viewarms1_skin1
xmodel,c_t7_mp_hunter_viewarms1_skin10
xmodel,c_t7_mp_hunter_viewarms1_skin11
xmodel,c_t7_mp_hunter_viewarms1_skin12
xmodel,c_t7_mp_hunter_viewarms1_skin13
xmodel,c_t7_mp_hunter_viewarms1_skin14
xmodel,c_t7_mp_hunter_viewarms1_skin15
xmodel,c_t7_mp_hunter_viewarms1_skin2
xmodel,c_t7_mp_hunter_viewarms1_skin3
xmodel,c_t7_mp_hunter_viewarms1_skin4
xmodel,c_t7_mp_hunter_viewarms1_skin5
xmodel,c_t7_mp_hunter_viewarms1_skin6
xmodel,c_t7_mp_hunter_viewarms1_skin7
xmodel,c_t7_mp_hunter_viewarms1_skin8
xmodel,c_t7_mp_hunter_viewarms1_skin9
xmodel,c_t7_mp_hunter_viewarms2_skin1
xmodel,c_t7_mp_hunter_viewarms2_skin10
xmodel,c_t7_mp_hunter_viewarms2_skin11
xmodel,c_t7_mp_hunter_viewarms2_skin12
xmodel,c_t7_mp_hunter_viewarms2_skin13
xmodel,c_t7_mp_hunter_viewarms2_skin14
xmodel,c_t7_mp_hunter_viewarms2_skin15
xmodel,c_t7_mp_hunter_viewarms2_skin2
xmodel,c_t7_mp_hunter_viewarms2_skin3
xmodel,c_t7_mp_hunter_viewarms2_skin4
xmodel,c_t7_mp_hunter_viewarms2_skin5
xmodel,c_t7_mp_hunter_viewarms2_skin6
xmodel,c_t7_mp_hunter_viewarms2_skin7
xmodel,c_t7_mp_hunter_viewarms2_skin8
xmodel,c_t7_mp_hunter_viewarms2_skin9
xmodel,c_t7_mp_hunter_viewarms3_skin1
xmodel,c_t7_mp_hunter_viewarms3_skin10
xmodel,c_t7_mp_hunter_viewarms3_skin11
xmodel,c_t7_mp_hunter_viewarms3_skin12
xmodel,c_t7_mp_hunter_viewarms3_skin13
xmodel,c_t7_mp_hunter_viewarms3_skin14
xmodel,c_t7_mp_hunter_viewarms3_skin15
xmodel,c_t7_mp_hunter_viewarms3_skin2
xmodel,c_t7_mp_hunter_viewarms3_skin3
xmodel,c_t7_mp_hunter_viewarms3_skin4
xmodel,c_t7_mp_hunter_viewarms3_skin5
xmodel,c_t7_mp_hunter_viewarms3_skin6
xmodel,c_t7_mp_hunter_viewarms3_skin7
xmodel,c_t7_mp_hunter_viewarms3_skin8
xmodel,c_t7_mp_hunter_viewarms3_skin9
xmodel,c_t7_mp_hunter_viewlegs1_skin1
xmodel,c_t7_mp_hunter_viewlegs1_skin10
xmodel,c_t7_mp_hunter_viewlegs1_skin11
xmodel,c_t7_mp_hunter_viewlegs1_skin12
xmodel,c_t7_mp_hunter_viewlegs1_skin13
xmodel,c_t7_mp_hunter_viewlegs1_skin14
xmodel,c_t7_mp_hunter_viewlegs1_skin15
xmodel,c_t7_mp_hunter_viewlegs1_skin2
xmodel,c_t7_mp_hunter_viewlegs1_skin3
xmodel,c_t7_mp_hunter_viewlegs1_skin4
xmodel,c_t7_mp_hunter_viewlegs1_skin5
xmodel,c_t7_mp_hunter_viewlegs1_skin6
xmodel,c_t7_mp_hunter_viewlegs1_skin7
xmodel,c_t7_mp_hunter_viewlegs1_skin8
xmodel,c_t7_mp_hunter_viewlegs1_skin9
xmodel,c_t7_mp_hunter_viewlegs2_skin1
xmodel,c_t7_mp_hunter_viewlegs2_skin10
xmodel,c_t7_mp_hunter_viewlegs2_skin11
xmodel,c_t7_mp_hunter_viewlegs2_skin12
xmodel,c_t7_mp_hunter_viewlegs2_skin13
xmodel,c_t7_mp_hunter_viewlegs2_skin14
xmodel,c_t7_mp_hunter_viewlegs2_skin15
xmodel,c_t7_mp_hunter_viewlegs2_skin2
xmodel,c_t7_mp_hunter_viewlegs2_skin3
xmodel,c_t7_mp_hunter_viewlegs2_skin4
xmodel,c_t7_mp_hunter_viewlegs2_skin5
xmodel,c_t7_mp_hunter_viewlegs2_skin6
xmodel,c_t7_mp_hunter_viewlegs2_skin7
xmodel,c_t7_mp_hunter_viewlegs2_skin8
xmodel,c_t7_mp_hunter_viewlegs2_skin9
xmodel,c_t7_mp_hunter_viewlegs3_skin1
xmodel,c_t7_mp_hunter_viewlegs3_skin10
xmodel,c_t7_mp_hunter_viewlegs3_skin11
xmodel,c_t7_mp_hunter_viewlegs3_skin12
xmodel,c_t7_mp_hunter_viewlegs3_skin13
xmodel,c_t7_mp_hunter_viewlegs3_skin14
xmodel,c_t7_mp_hunter_viewlegs3_skin15
xmodel,c_t7_mp_hunter_viewlegs3_skin2
xmodel,c_t7_mp_hunter_viewlegs3_skin3
xmodel,c_t7_mp_hunter_viewlegs3_skin4
xmodel,c_t7_mp_hunter_viewlegs3_skin5
xmodel,c_t7_mp_hunter_viewlegs3_skin6
xmodel,c_t7_mp_hunter_viewlegs3_skin7
xmodel,c_t7_mp_hunter_viewlegs3_skin8
xmodel,c_t7_mp_hunter_viewlegs3_skin9
xmodel,c_t7_mp_nomad_viewarms1_skin1
xmodel,c_t7_mp_nomad_viewarms1_skin10
xmodel,c_t7_mp_nomad_viewarms1_skin11
xmodel,c_t7_mp_nomad_viewarms1_skin12
xmodel,c_t7_mp_nomad_viewarms1_skin13
xmodel,c_t7_mp_nomad_viewarms1_skin14
xmodel,c_t7_mp_nomad_viewarms1_skin15
xmodel,c_t7_mp_nomad_viewarms1_skin2
xmodel,c_t7_mp_nomad_viewarms1_skin3
xmodel,c_t7_mp_nomad_viewarms1_skin4
xmodel,c_t7_mp_nomad_viewarms1_skin5
xmodel,c_t7_mp_nomad_viewarms1_skin6
xmodel,c_t7_mp_nomad_viewarms1_skin7
xmodel,c_t7_mp_nomad_viewarms1_skin8
xmodel,c_t7_mp_nomad_viewarms1_skin9
xmodel,c_t7_mp_nomad_viewarms2_skin1
xmodel,c_t7_mp_nomad_viewarms2_skin10
xmodel,c_t7_mp_nomad_viewarms2_skin11
xmodel,c_t7_mp_nomad_viewarms2_skin12
xmodel,c_t7_mp_nomad_viewarms2_skin13
xmodel,c_t7_mp_nomad_viewarms2_skin14
xmodel,c_t7_mp_nomad_viewarms2_skin15
xmodel,c_t7_mp_nomad_viewarms2_skin2
xmodel,c_t7_mp_nomad_viewarms2_skin3
xmodel,c_t7_mp_nomad_viewarms2_skin4
xmodel,c_t7_mp_nomad_viewarms2_skin5
xmodel,c_t7_mp_nomad_viewarms2_skin6
xmodel,c_t7_mp_nomad_viewarms2_skin7
xmodel,c_t7_mp_nomad_viewarms2_skin8
xmodel,c_t7_mp_nomad_viewarms2_skin9
xmodel,c_t7_mp_nomad_viewarms3_skin1
xmodel,c_t7_mp_nomad_viewarms3_skin10
xmodel,c_t7_mp_nomad_viewarms3_skin11
xmodel,c_t7_mp_nomad_viewarms3_skin12
xmodel,c_t7_mp_nomad_viewarms3_skin13
xmodel,c_t7_mp_nomad_viewarms3_skin14
xmodel,c_t7_mp_nomad_viewarms3_skin15
xmodel,c_t7_mp_nomad_viewarms3_skin2
xmodel,c_t7_mp_nomad_viewarms3_skin3
xmodel,c_t7_mp_nomad_viewarms3_skin4
xmodel,c_t7_mp_nomad_viewarms3_skin5
xmodel,c_t7_mp_nomad_viewarms3_skin6
xmodel,c_t7_mp_nomad_viewarms3_skin7
xmodel,c_t7_mp_nomad_viewarms3_skin8
xmodel,c_t7_mp_nomad_viewarms3_skin9
xmodel,c_t7_mp_nomad_viewlegs1_skin1
xmodel,c_t7_mp_nomad_viewlegs1_skin10
xmodel,c_t7_mp_nomad_viewlegs1_skin11
xmodel,c_t7_mp_nomad_viewlegs1_skin12
xmodel,c_t7_mp_nomad_viewlegs1_skin13
xmodel,c_t7_mp_nomad_viewlegs1_skin14
xmodel,c_t7_mp_nomad_viewlegs1_skin15
xmodel,c_t7_mp_nomad_viewlegs1_skin2
xmodel,c_t7_mp_nomad_viewlegs1_skin3
xmodel,c_t7_mp_nomad_viewlegs1_skin4
xmodel,c_t7_mp_nomad_viewlegs1_skin5
xmodel,c_t7_mp_nomad_viewlegs1_skin6
xmodel,c_t7_mp_nomad_viewlegs1_skin7
xmodel,c_t7_mp_nomad_viewlegs1_skin8
xmodel,c_t7_mp_nomad_viewlegs1_skin9
xmodel,c_t7_mp_nomad_viewlegs2_skin1
xmodel,c_t7_mp_nomad_viewlegs2_skin10
xmodel,c_t7_mp_nomad_viewlegs2_skin11
xmodel,c_t7_mp_nomad_viewlegs2_skin12
xmodel,c_t7_mp_nomad_viewlegs2_skin13
xmodel,c_t7_mp_nomad_viewlegs2_skin14
xmodel,c_t7_mp_nomad_viewlegs2_skin15
xmodel,c_t7_mp_nomad_viewlegs2_skin2
xmodel,c_t7_mp_nomad_viewlegs2_skin3
xmodel,c_t7_mp_nomad_viewlegs2_skin4
xmodel,c_t7_mp_nomad_viewlegs2_skin5
xmodel,c_t7_mp_nomad_viewlegs2_skin6
xmodel,c_t7_mp_nomad_viewlegs2_skin7
xmodel,c_t7_mp_nomad_viewlegs2_skin8
xmodel,c_t7_mp_nomad_viewlegs2_skin9
xmodel,c_t7_mp_nomad_viewlegs3_skin1
xmodel,c_t7_mp_nomad_viewlegs3_skin10
xmodel,c_t7_mp_nomad_viewlegs3_skin11
xmodel,c_t7_mp_nomad_viewlegs3_skin12
xmodel,c_t7_mp_nomad_viewlegs3_skin13
xmodel,c_t7_mp_nomad_viewlegs3_skin14
xmodel,c_t7_mp_nomad_viewlegs3_skin15
xmodel,c_t7_mp_nomad_viewlegs3_skin2
xmodel,c_t7_mp_nomad_viewlegs3_skin3
xmodel,c_t7_mp_nomad_viewlegs3_skin4
xmodel,c_t7_mp_nomad_viewlegs3_skin5
xmodel,c_t7_mp_nomad_viewlegs3_skin6
xmodel,c_t7_mp_nomad_viewlegs3_skin7
xmodel,c_t7_mp_nomad_viewlegs3_skin8
xmodel,c_t7_mp_nomad_viewlegs3_skin9
xmodel,c_t7_mp_technomancer_viewlegs1_skin1
xmodel,c_t7_mp_technomancer_viewlegs1_skin10
xmodel,c_t7_mp_technomancer_viewlegs1_skin11
xmodel,c_t7_mp_technomancer_viewlegs1_skin12
xmodel,c_t7_mp_technomancer_viewlegs1_skin13
xmodel,c_t7_mp_technomancer_viewlegs1_skin14
xmodel,c_t7_mp_technomancer_viewlegs1_skin15
xmodel,c_t7_mp_technomancer_viewlegs1_skin2
xmodel,c_t7_mp_technomancer_viewlegs1_skin3
xmodel,c_t7_mp_technomancer_viewlegs1_skin4
xmodel,c_t7_mp_technomancer_viewlegs1_skin5
xmodel,c_t7_mp_technomancer_viewlegs1_skin6
xmodel,c_t7_mp_technomancer_viewlegs1_skin7
xmodel,c_t7_mp_technomancer_viewlegs1_skin8
xmodel,c_t7_mp_technomancer_viewlegs1_skin9
xmodel,c_t7_mp_technomancer_viewlegs2_skin1
xmodel,c_t7_mp_technomancer_viewlegs2_skin10
xmodel,c_t7_mp_technomancer_viewlegs2_skin11
xmodel,c_t7_mp_technomancer_viewlegs2_skin12
xmodel,c_t7_mp_technomancer_viewlegs2_skin13
xmodel,c_t7_mp_technomancer_viewlegs2_skin14
xmodel,c_t7_mp_technomancer_viewlegs2_skin15
xmodel,c_t7_mp_technomancer_viewlegs2_skin2
xmodel,c_t7_mp_technomancer_viewlegs2_skin3
xmodel,c_t7_mp_technomancer_viewlegs2_skin4
xmodel,c_t7_mp_technomancer_viewlegs2_skin5
xmodel,c_t7_mp_technomancer_viewlegs2_skin6
xmodel,c_t7_mp_technomancer_viewlegs2_skin7
xmodel,c_t7_mp_technomancer_viewlegs2_skin8
xmodel,c_t7_mp_technomancer_viewlegs2_skin9
xmodel,c_t7_mp_technomancer_viewlegs3_skin1
xmodel,c_t7_mp_technomancer_viewlegs3_skin10
xmodel,c_t7_mp_technomancer_viewlegs3_skin11
xmodel,c_t7_mp_technomancer_viewlegs3_skin12
xmodel,c_t7_mp_technomancer_viewlegs3_skin13
xmodel,c_t7_mp_technomancer_viewlegs3_skin14
xmodel,c_t7_mp_technomancer_viewlegs3_skin15
xmodel,c_t7_mp_technomancer_viewlegs3_skin2
xmodel,c_t7_mp_technomancer_viewlegs3_skin3
xmodel,c_t7_mp_technomancer_viewlegs3_skin4
xmodel,c_t7_mp_technomancer_viewlegs3_skin5
xmodel,c_t7_mp_technomancer_viewlegs3_skin6
xmodel,c_t7_mp_technomancer_viewlegs3_skin7
xmodel,c_t7_mp_technomancer_viewlegs3_skin8
xmodel,c_t7_mp_technomancer_viewlegs3_skin9
xmodel,c_t7_mp_warrior_viewlegs1_skin1
xmodel,c_t7_mp_warrior_viewlegs1_skin10
xmodel,c_t7_mp_warrior_viewlegs1_skin11
xmodel,c_t7_mp_warrior_viewlegs1_skin12
xmodel,c_t7_mp_warrior_viewlegs1_skin13
xmodel,c_t7_mp_warrior_viewlegs1_skin14
xmodel,c_t7_mp_warrior_viewlegs1_skin15
xmodel,c_t7_mp_warrior_viewlegs1_skin2
xmodel,c_t7_mp_warrior_viewlegs1_skin3
xmodel,c_t7_mp_warrior_viewlegs1_skin4
xmodel,c_t7_mp_warrior_viewlegs1_skin5
xmodel,c_t7_mp_warrior_viewlegs1_skin6
xmodel,c_t7_mp_warrior_viewlegs1_skin7
xmodel,c_t7_mp_warrior_viewlegs1_skin8
xmodel,c_t7_mp_warrior_viewlegs1_skin9
xmodel,c_t7_mp_warrior_viewlegs2_skin1
xmodel,c_t7_mp_warrior_viewlegs2_skin10
xmodel,c_t7_mp_warrior_viewlegs2_skin11
xmodel,c_t7_mp_warrior_viewlegs2_skin12
xmodel,c_t7_mp_warrior_viewlegs2_skin13
xmodel,c_t7_mp_warrior_viewlegs2_skin14
xmodel,c_t7_mp_warrior_viewlegs2_skin2
xmodel,c_t7_mp_warrior_viewlegs2_skin3
xmodel,c_t7_mp_warrior_viewlegs2_skin4
xmodel,c_t7_mp_warrior_viewlegs2_skin5
xmodel,c_t7_mp_warrior_viewlegs2_skin6
xmodel,c_t7_mp_warrior_viewlegs2_skin7
xmodel,c_t7_mp_warrior_viewlegs2_skin8
xmodel,c_t7_mp_warrior_viewlegs2_skin9
xmodel,c_t7_mp_warrior_viewlegs3_skin1
xmodel,c_t7_mp_warrior_viewlegs3_skin2
xmodel,c_t7_mp_warrior_viewlegs3_skin3
xmodel,c_t7_mp_warrior_viewlegs3_skin4
xmodel,c_t7_mp_warrior_viewlegs3_skin5
xmodel,c_t7_mp_warrior_viewlegs3_skin6
xmodel,c_t7_mp_warrior_viewlegs3_skin7
xmodel,c_t7_mp_warrior_viewlegs3_skin8
xmodelmesh,xmodel_blanc_viewhands27e07116
xmodelmesh,xmodel_blanc_viewlegs6cf0ff3a
xmodelmesh,xmodel_if_viewlegse1e4d6eb
xmodelmesh,xmodel_nepgear_viewhandseccec43b
xmodelmesh,xmodel_nepgear_viewlegsa2faab8e
xmodelmesh,xmodel_neptune_viewhandsfa9c525d
xmodelmesh,xmodel_neptune_viewlegsdfb919c4
xmodelmesh,xmodel_noire_blackknight_viewlegs6378b449
xmodelmesh,xmodel_noire_viewhands4cfb66b1
xmodelmesh,xmodel_noire_viewlegs5576cb36
xmodelmesh,xmodel_rom_viewhandsb5e12717
xmodelmesh,xmodel_rom_viewlegsefd2fbd3
xmodelmesh,xmodel_uni_viewlegsa7941a44
material,mc/blanc_body00_tex
material,mc/blanc_body00_tex_skin
material,mc/if_body
material,mc/nepgear_body00_tex
material,mc/nepgear_body00_tex_skin
material,mc/neptune_body00_tex
material,mc/neptune_body00_tex_skin
material,mc/neptune_body00_tex_socks
material,mc/noire_blackknight_body00_tex
material,mc/noire_blackknight_body00_tex_skin
material,mc/noire_body00_tex
material,mc/noire_body00_tex_skin
material,mc/ram_body00_tex
material,mc/rom_body00_tex
material,mc/uni_body00_tex
material,mc/uni_body00_tex_skin
techset,mc/lit_nocull_plus_cc#e6142445
techset,mc/lit_plus_cc#e6142445
techset,mc/skin#e6142445
image,$black
image,$gloss
image,$gray_32_one_channel
image,$identitynormalmap
image,$white_ao
image,$white_thickness
image,i_blanc_body00_tex_c
image,i_blanc_body00_tex_g
image,i_blanc_body00_tex_n
image,i_if_body_c
image,i_nepgear_body00_tex_c
image,i_nepgear_body00_tex_g
image,i_nepgear_body00_tex_n
image,i_neptune_body00_tex_c
image,i_neptune_body00_tex_g
image,i_neptune_body00_tex_n
image,i_noire_blackknight_body00_tex_c
image,i_noire_blackknight_body00_tex_g
image,i_noire_blackknight_body00_tex_n
image,i_noire_body00_tex_c
image,i_noire_body00_tex_g
image,i_noire_body00_tex_n
image,i_ram_body00_tex_c
image,i_rom_body00_tex_c
image,i_rom_body00_tex_g
image,i_rom_body00_tex_n
image,i_uni_body00_tex_c
image,i_uni_body00_tex_g
image,i_uni_body00_tex_n
rawfile,dummy.cfg
keyvaluepairs,mp_mod
